class,allocation_mean,allocation_std,allocation_min,allocation_max,audit_confidence_mean,audit_confidence_std,selected_confidence_mean,selected_confidence_std
0,1113.6666666666667,72.50747087944342,1065,1197,9.986851879940454e-06,1.7297521963092147e-05,1.9263208937959014e-05,3.3363838178564416e-05
1,1113.6666666666667,72.41776945842322,1066,1197,3.6969580791074114e-27,6.403318649229125e-27,3.0598006571496923e-26,5.299728991053082e-26
2,1113.6666666666667,72.41776945842322,1066,1197,6.347423508763795e-17,1.0734339224258776e-16,4.3307974280269024e-16,7.386844565164712e-16
3,1114.0,72.17340230306452,1066,1197,6.599481081491177e-15,1.130163746650045e-14,3.014587199249241e-14,5.1596447127014985e-14
4,791.0,280.64746569317174,500,1060,0.34410466176147253,0.4093656962588032,0.394930341076316,0.43513565757425127
5,1113.0,72.17340230306452,1065,1196,0.00011165269249126054,0.00010387481338892829,0.00020727738957710936,0.00017626808054750125
6,1113.6666666666667,72.41776945842322,1066,1197,5.1870082664814965e-11,7.881048216512631e-11,1.064732536217958e-10,1.6058597853734563e-10
7,860.6666666666666,307.2545090528914,506,1046,0.16715952133138964,0.20382568917728594,0.25505385946558545,0.29494226911239846
8,666.6666666666666,288.67513459481285,500,1000,0.4914740299185117,0.43271266018745125,0.6368808928355575,0.40309535382174716
