summary_file,model,run_id,paper_id,config_id,dataset_id,imbalance,synth_budget_per_class,aug_method,seed,macro_f1_real_only,macro_f1_real_plus_synth,delta_macro_f1,bal_acc_real_only,bal_acc_real_plus_synth,delta_bal_acc,macro_auprc_real_only,macro_auprc_real_plus_synth,delta_macro_auprc,kid,ms_ssim
/home/bruno.fonkeng/gencys/artifacts_paper3/gan/summaries/summary_20260427_094350.json,gan,gan_paper3_smoke_pc25_s0,paper3,paper3_smoke,ustc_tfc2016,,,,0,0.9437468405669536,0.9384327110800137,-0.005314129486939878,0.9439668316016405,0.9397159607424983,-0.0042508708591422195,0.9763068640585905,0.9735312859354222,-0.0027755781231683097,0.8360507059605704,0.9509078550007608
/home/bruno.fonkeng/gencys/artifacts_paper3/gan/summaries/summary_20260427_102647.json,gan,gan_paper3_smoke_pc25_s0,paper3,paper3_smoke,ustc_tfc2016,,,,0,0.9385374119112987,0.9370448873997415,-0.001492524511557236,0.9390671486844351,0.937933924258264,-0.0011332244261710311,0.9733524389878405,0.9741661354858456,0.000813696498005112,0.8360507059605704,0.9509078550007608
/home/bruno.fonkeng/gencys/artifacts_paper3/gan/summaries/summary_20260427_115320.json,gan,gan_paper3_realonly_balanced_pc25_s0,paper3,paper3_realonly_balanced,ustc_tfc2016,balanced,0,none,0,0.93764778660519,0.9361595656950897,-0.0014882209101002575,0.9379580948764897,0.9369612156832312,-0.0009968791932585264,0.9730993838114563,0.9736770287417037,0.0005776449302473674,0.8360507059605704,0.9509078550007608
/home/bruno.fonkeng/gencys/artifacts_paper3/gan/summaries/summary_20260427_125702.json,gan,gan_paper3_aug_balanced_b100_pc25_s0,paper3,paper3_aug_balanced_b100,ustc_tfc2016,balanced,100,per_class_equal,0,0.939582532924432,0.9365089977485351,-0.0030735351758968132,0.9402129479863167,0.9377440774068627,-0.0024688705794539967,0.97398399107023,0.9734748700040884,-0.000509121066141649,0.6447859190757356,0.995687884191672
/home/bruno.fonkeng/gencys/artifacts_paper3/gan/summaries/summary_20260427_150644.json,gan,gan_paper3_realonly_balanced_pc25_s0,paper3,paper3_realonly_balanced,ustc_tfc2016,balanced,0,none,0,0.9420942370942507,0.935793914044343,-0.006300323049907686,0.9421904830062565,0.9367873314365587,-0.005403151569697839,0.974352238117162,0.9712397338991074,-0.003112504218054535,0.6447859190757356,0.995687884191672
/home/bruno.fonkeng/gencys/artifacts_paper3/gan/summaries/summary_20260427_163401.json,gan,gan_paper3_aug_balanced_b100_pc25_s0,paper3,paper3_aug_balanced_b100,ustc_tfc2016,balanced,100,per_class_equal,0,0.9424469572701065,0.9400106204878976,-0.002436336782208892,0.9428894705203198,0.941514138913268,-0.0013753316070518329,0.9754365173737889,0.9747151351531981,-0.000721382220590816,0.703451964209776,0.995121521850427
/home/bruno.fonkeng/gencys/artifacts_paper3/gan/summaries/summary_20260427_164721.json,gan,gan_paper3_realonly_balanced_pc25_s0,paper3,paper3_realonly_balanced,ustc_tfc2016,balanced,0,none,0,0.9427159230313722,0.9377023351707834,-0.0050135878605888085,0.9431221919990036,0.9389650837675083,-0.004157108231495288,0.9764157853819406,0.9748644798826533,-0.001551305499287281,0.703451964209776,0.995121521850427
/home/bruno.fonkeng/gencys/artifacts_paper3/gan/summaries/summary_20260428_130301.json,gan,gan_paper3_realonly_balanced_pc25_s0,paper3,paper3_realonly_balanced,ustc_tfc2016,balanced,0,none,0,0.9385994378063534,0.9419251082377288,0.003325670431375438,0.9393698125163622,0.9423702786747451,0.0030004661583828973,0.9748618217617674,0.975435087235621,0.0005732654738536125,0.703451964209776,0.995121521850427
/home/bruno.fonkeng/gencys/artifacts_paper3/gan/summaries/summary_20260428_145309.json,gan,gan_paper3_realonly_balanced_pc25_s0,paper3,paper3_realonly_balanced,ustc_tfc2016,balanced,0,none,0,0.9438219834971796,,,0.9439212114266426,,,0.9753591145622775,,,,
/home/bruno.fonkeng/gencys/artifacts_paper3/gan/summaries/summary_20260428_165029.json,gan,gan_paper3_realonly_balanced_pc25_s42,paper3,paper3_realonly_balanced,ustc_tfc2016,balanced,0,none,42,0.9390443243837484,,,0.9395814123936606,,,0.974150546290417,,,,
/home/bruno.fonkeng/gencys/artifacts_paper3/gan/summaries/summary_20260429_075148.json,gan,gan_paper3_aug_balanced_b100_pc25_s42,paper3,paper3_aug_balanced_b100,ustc_tfc2016,balanced,100,per_class_equal,42,0.938339057511532,0.9429537278050483,0.004614670293516254,0.9393075683818868,0.9433408850174696,0.004033316635582818,0.9747575159213082,0.9750234021474322,0.00026588622612400137,2.396795251310151,0.9910731414622731
/home/bruno.fonkeng/gencys/artifacts_paper3/gan/summaries/summary_20260429_100406.json,gan,gan_paper3_aug_balanced_b25_pc25_s42,paper3,paper3_aug_balanced_b25,ustc_tfc2016,balanced,25,per_class_equal,42,0.9431693333805998,0.9425059939983209,-0.0006633393822789158,0.9432330817269448,0.9424424494109636,-0.000790632315981199,0.9743957843853034,0.9752725225914212,0.0008767382061177775,2.396795251310151,0.9910731414622731
/home/bruno.fonkeng/gencys/artifacts_paper3/gan/summaries/summary_20260429_101957.json,gan,gan_paper3_aug_balanced_b500_pc25_s42,paper3,paper3_aug_balanced_b500,ustc_tfc2016,balanced,500,per_class_equal,42,0.9378491658629297,0.9440037643353867,0.006154598472457029,0.9380803930058698,0.9440694634397244,0.00598907043385466,0.9740103202873386,0.9765539269757666,0.002543606688428013,2.396795251310151,0.9910731414622731
/home/bruno.fonkeng/gencys/artifacts_paper3/gan/summaries/summary_20260430_112213.json,gan,gan_paper3_aug_balanced_b500_pc500_s42,paper3,paper3_aug_balanced_b500,ustc_tfc2016,balanced,500,per_class_equal,42,0.9332130551480936,,,0.9342149929612711,,,0.9691240941876481,,,,
/home/bruno.fonkeng/gencys/artifacts_paper3/gan/summaries/summary_20260430_113543.json,gan,gan_paper3_aug_balanced_b500_pc500_s42,paper3,paper3_aug_balanced_b500,ustc_tfc2016,balanced,500,per_class_equal,42,0.9420989376653234,,,0.9427310236653571,,,0.9755558945716213,,,,
/home/bruno.fonkeng/gencys/artifacts_paper3/gan/summaries/summary_20260430_113859.json,gan,gan_paper3_aug_balanced_b2000_pc2000_s42,paper3,paper3_aug_balanced_b2000,ustc_tfc2016,balanced,2000,per_class_equal,42,0.9413813649634704,,,0.9417338678467811,,,0.9753550821281743,,,,
/home/bruno.fonkeng/gencys/artifacts_paper3/gan/summaries/summary_20260501_101755.json,gan,gan_paper3_aug_balanced_b500_pc500_s42,paper3,paper3_aug_balanced_b500,ustc_tfc2016,balanced,500,per_class_equal,42,0.9401715080001316,,,0.940659499064932,,,0.9735171419670969,,,,
/home/bruno.fonkeng/gencys/artifacts_paper3/gan/summaries/summary_20260501_102513.json,gan,gan_paper3_aug_balanced_b500_pc500_s42,paper3,paper3_aug_balanced_b500,ustc_tfc2016,balanced,500,per_class_equal,42,0.9401227639537711,,,0.9407537383257328,,,0.9734794402390895,,,,
/home/bruno.fonkeng/gencys/artifacts_paper3/gan/summaries/summary_20260501_104408.json,gan,gan_paper3_aug_balanced_b500_pc500_s42,paper3,paper3_aug_balanced_b500,ustc_tfc2016,balanced,500,per_class_equal,42,0.945293303869467,,,0.9454575041782696,,,0.9754703564272352,,,,
/home/bruno.fonkeng/gencys/artifacts_paper3/gan/summaries/summary_20260501_105221.json,gan,gan_paper3_aug_balanced_b500_pc500_s42,paper3,paper3_aug_balanced_b500,ustc_tfc2016,balanced,500,per_class_equal,42,0.943142450187776,0.9426343702710539,-0.0005080799167220817,0.9432529585301285,0.9431186886474028,-0.00013426988272569051,0.9754922583635675,0.9752034234469874,-0.00028883491658004967,2.404618974087726,0.9910169945160547
/home/bruno.fonkeng/gencys/artifacts_paper3/gan/summaries/summary_20260501_112047.json,gan,gan_paper3_aug_balanced_b500_pc500_s42,paper3,paper3_aug_balanced_b500,ustc_tfc2016,balanced,500,per_class_equal,42,0.9414042245615296,0.9395942986382122,-0.0018099259233174125,0.9419709958071455,0.9399532842833769,-0.002017711523768617,0.9746915191840958,0.9740184404128285,-0.0006730787712673214,2.404618974087726,0.9910169945160547
/home/bruno.fonkeng/gencys/artifacts_paper3/gan/summaries/summary_20260501_114123.json,gan,gan_paper3_aug_balanced_b500_pc500_s42,paper3,paper3_aug_balanced_b500,ustc_tfc2016,balanced,500,per_class_equal,42,0.9440731604633213,0.9383199388257142,-0.005753221637607164,0.9442745763993938,0.9386652469357732,-0.005609329463620583,0.9740716566060917,0.9738380227178892,-0.0002336338882025224,2.404618974087726,0.9910169945160547
/home/bruno.fonkeng/gencys/artifacts_paper3/gan/summaries/summary_20260501_115532.json,gan,gan_paper3_aug_balanced_b500_pc500_s42,paper3,paper3_aug_balanced_b500,ustc_tfc2016,balanced,500,per_class_equal,42,0.9404498984806724,0.9434385627647531,0.002988664284080733,0.9410597710764708,0.9437878184326611,0.002728047356190366,0.973342318427358,0.9761556099556442,0.0028132915282862436,2.404618974087726,0.9910169945160547
/home/bruno.fonkeng/gencys/artifacts_paper3/gan/summaries/summary_20260501_121052.json,gan,gan_paper3_aug_balanced_b500_pc500_s42,paper3,paper3_aug_balanced_b500,ustc_tfc2016,balanced,500,per_class_equal,42,0.9411482552247854,0.9412696564891354,0.00012140126435000731,0.9415111721875147,0.9415875620711104,7.638988359570664e-05,0.9745269494436322,0.9740502517477123,-0.0004766976959198477,2.404618974087726,0.9910169945160547
/home/bruno.fonkeng/gencys/artifacts_paper3/gan/summaries/summary_20260501_155239.json,gan,gan_paper3_aug_balanced_b25_pc25_s42,paper3,paper3_aug_balanced_b25,ustc_tfc2016,balanced,25,per_class_equal,42,0.9422469749141662,0.9408322724422177,-0.0014147024719485257,0.9425306015226107,0.9409028020552584,-0.0016277994673522533,0.9751473474070297,0.9742163775708482,-0.0009309698361814611,2.396795251310151,0.9910731414622731
/home/bruno.fonkeng/gencys/artifacts_paper3/gan/summaries/summary_20260513_154934.json,gan,gan_paper3_realonly_balanced_pc25_s42,paper3,paper3_realonly_balanced,ustc_tfc2016,balanced,0,none,42,0.9396729642148185,,,0.940355815399044,,,0.974442946989615,,,,
/home/bruno.fonkeng/gencys/artifacts_paper3/gan/summaries/summary_20260513_155229.json,gan,gan_paper3_aug_balanced_b25_pc25_s42,paper3,paper3_aug_balanced_b25,ustc_tfc2016,balanced,25,per_class_equal,42,0.9406783446266422,0.9393319584807868,-0.0013463861458554716,0.941140023570539,0.9396665425565023,-0.0014734810140367705,0.9755096586508958,0.9742745433266887,-0.001235115324207059,2.396795251310151,0.9910731414622731
/home/bruno.fonkeng/gencys/artifacts_paper3/gan/summaries/summary_20260513_160024.json,gan,gan_paper3_aug_balanced_b100_pc25_s42,paper3,paper3_aug_balanced_b100,ustc_tfc2016,balanced,100,per_class_equal,42,0.937008002851257,,,0.9380206400661554,,,0.9724992611572164,,,,
/home/bruno.fonkeng/gencys/artifacts_paper3/gan/summaries/summary_20260513_160321.json,gan,gan_paper3_aug_balanced_b500_pc500_s42,paper3,paper3_aug_balanced_b500,ustc_tfc2016,balanced,500,per_class_equal,42,0.9400490116047051,0.9408803624318498,0.0008313508271446945,0.9403250972674346,0.9412032199912537,0.0008781227238190414,0.9752631160405186,0.9735960181522633,-0.0016670978882553644,2.404618974087726,0.9910169945160547
/home/bruno.fonkeng/gencys/artifacts_paper3/gan/summaries/summary_20260513_161259.json,gan,gan_paper3_aug_balanced_b2000_pc2000_s42,paper3,paper3_aug_balanced_b2000,ustc_tfc2016,balanced,2000,per_class_equal,42,0.9396858891589956,0.9420330607119394,0.0023471715529437276,0.9398140711629761,0.9419005634718842,0.0020864923089081167,0.9720833132300104,0.9734256189604333,0.0013423057304229324,2.4024718164389327,0.9910169945160547
/home/bruno.fonkeng/gencys/artifacts_paper3/gan/summaries/summary_20260513_162921.json,gan,gan_paper3_aug_balanced_b100_pc100_s42,paper3,paper3_aug_balanced_b100,ustc_tfc2016,balanced,100,per_class_equal,42,0.9436150348840626,0.9417021016765076,-0.0019129332075550343,0.9440882290471979,0.9416983672766351,-0.0023898617705627734,0.9754873582076269,0.9745635773210447,-0.0009237808865821817,2.403112094221611,0.99081093913979
/home/bruno.fonkeng/gencys/artifacts_paper3/gan/summaries/summary_20260513_164908.json,gan,gan_paper3_realonly_balanced_pc100_s43,paper3,paper3_realonly_balanced,ustc_tfc2016,balanced,0,none,43,0.9374534073562154,,,0.938291491883883,,,0.9738015173775385,,,,
/home/bruno.fonkeng/gencys/artifacts_paper3/gan/summaries/summary_20260513_165108.json,gan,gan_paper3_aug_balanced_b25_pc25_s43,paper3,paper3_aug_balanced_b25,ustc_tfc2016,balanced,25,per_class_equal,43,0.9369507396945246,,,0.9378897616033469,,,0.9735107453457807,,,,
/home/bruno.fonkeng/gencys/artifacts_paper3/gan/summaries/summary_20260513_165308.json,gan,gan_paper3_aug_balanced_b100_pc100_s43,paper3,paper3_aug_balanced_b100,ustc_tfc2016,balanced,100,per_class_equal,43,0.9364093850575235,,,0.9374489300313498,,,0.9733719397186166,,,,
/home/bruno.fonkeng/gencys/artifacts_paper3/gan/summaries/summary_20260513_165519.json,gan,gan_paper3_aug_balanced_b500_pc500_s43,paper3,paper3_aug_balanced_b500,ustc_tfc2016,balanced,500,per_class_equal,43,0.9400195827594692,,,0.9406181894553188,,,0.97491004714041,,,,
/home/bruno.fonkeng/gencys/artifacts_paper3/gan/summaries/summary_20260513_165813.json,gan,gan_paper3_aug_balanced_b2000_pc2000_s43,paper3,paper3_aug_balanced_b2000,ustc_tfc2016,balanced,2000,per_class_equal,43,0.9363635763607197,,,0.9370772881928227,,,0.9713270883541887,,,,
/home/bruno.fonkeng/gencys/artifacts_paper3/gan/summaries/summary_20260513_170225.json,gan,gan_paper3_realonly_balanced_pc2000_s44,paper3,paper3_realonly_balanced,ustc_tfc2016,balanced,0,none,44,0.935447828254154,,,0.9353252022315444,,,0.9719346210044866,,,,
/home/bruno.fonkeng/gencys/artifacts_paper3/gan/summaries/summary_20260513_170454.json,gan,gan_paper3_aug_balanced_b25_pc25_s44,paper3,paper3_aug_balanced_b25,ustc_tfc2016,balanced,25,per_class_equal,44,0.9359133850998,,,0.9360668022828871,,,0.9726700266306888,,,,
/home/bruno.fonkeng/gencys/artifacts_paper3/gan/summaries/summary_20260513_170703.json,gan,gan_paper3_aug_balanced_b100_pc100_s44,paper3,paper3_aug_balanced_b100,ustc_tfc2016,balanced,100,per_class_equal,44,0.9367118422307605,,,0.9369015253970618,,,0.9717354573867808,,,,
/home/bruno.fonkeng/gencys/artifacts_paper3/gan/summaries/summary_20260513_170916.json,gan,gan_paper3_aug_balanced_b500_pc500_s44,paper3,paper3_aug_balanced_b500,ustc_tfc2016,balanced,500,per_class_equal,44,0.9373955182397636,,,0.9376354279087076,,,0.9726673962614226,,,,
/home/bruno.fonkeng/gencys/artifacts_paper3/gan/summaries/summary_20260513_171200.json,gan,gan_paper3_aug_balanced_b2000_pc2000_s44,paper3,paper3_aug_balanced_b2000,ustc_tfc2016,balanced,2000,per_class_equal,44,0.9374538324957084,,,0.9375003853269326,,,0.972141486507544,,,,
/home/bruno.fonkeng/gencys/artifacts_paper3/gan/summaries/summary_20260513_203620.json,gan,gan_paper3_aug_balanced_b25_pc25_s44,paper3,paper3_aug_balanced_b25,ustc_tfc2016,balanced,25,per_class_equal,44,0.9385067165875461,0.9402009600173654,0.0016942434298192754,0.9385079659913258,0.9403457169097545,0.0018377509184287488,0.9756429054718085,0.9736142072031273,-0.0020286982686812394,0.7993245104474326,0.9963566199607319
/home/bruno.fonkeng/gencys/artifacts_paper3/gan/summaries/summary_20260513_204523.json,gan,gan_paper3_aug_balanced_b100_pc100_s44,paper3,paper3_aug_balanced_b100,ustc_tfc2016,balanced,100,per_class_equal,44,0.9375914343709201,0.937740019079958,0.00014858470903789112,0.9375363683734048,0.9379332651625298,0.000396896789125023,0.9732633610535159,0.9726145676433282,-0.0006487934101876425,0.8008126482555064,0.9964483682314554
/home/bruno.fonkeng/gencys/artifacts_paper3/gan/summaries/summary_20260513_205458.json,gan,gan_paper3_aug_balanced_b500_pc500_s44,paper3,paper3_aug_balanced_b500,ustc_tfc2016,balanced,500,per_class_equal,44,0.9400552969764993,0.9410385658236259,0.0009832688471266282,0.9398940367575117,0.9415661276918986,0.0016720909343869161,0.9738564344924865,0.974660129798656,0.0008036953061695273,0.7999848382913488,0.9964745013581382
/home/bruno.fonkeng/gencys/artifacts_paper3/gan/summaries/summary_20260513_210543.json,gan,gan_paper3_aug_balanced_b2000_pc2000_s44,paper3,paper3_aug_balanced_b2000,ustc_tfc2016,balanced,2000,per_class_equal,44,0.9426098774938241,0.9434573056703724,0.0008474281765483704,0.9424284647272856,0.9433895074751624,0.0009610427478767836,0.9745604751821053,0.9754364521498682,0.0008759769677628704,0.7989502040934464,0.9964745013581382
/home/bruno.fonkeng/gencys/artifacts_paper3/gan/summaries/summary_20260513_214636.json,gan,gan_paper3_aug_balanced_b25_pc25_s43,paper3,paper3_aug_balanced_b25,ustc_tfc2016,balanced,25,per_class_equal,43,0.9377156236752575,0.93966814776778,0.0019525240925224452,0.9382920476517577,0.9398082477905602,0.0015162001388024926,0.9729424721062876,0.9743092341413022,0.0013667620350146237,0.10976820640887981,0.9706321217947536
/home/bruno.fonkeng/gencys/artifacts_paper3/gan/summaries/summary_20260513_215552.json,gan,gan_paper3_aug_balanced_b100_pc100_s43,paper3,paper3_aug_balanced_b100,ustc_tfc2016,balanced,100,per_class_equal,43,0.9403153539705666,0.942976721812058,0.002661367841491402,0.9410208401821962,0.9429376032652415,0.0019167630830452254,0.9752074886006584,0.974104193992726,-0.001103294607932459,0.10747480802675007,0.9738968414730496
/home/bruno.fonkeng/gencys/artifacts_paper3/gan/summaries/summary_20260513_220535.json,gan,gan_paper3_aug_balanced_b500_pc500_s43,paper3,paper3_aug_balanced_b500,ustc_tfc2016,balanced,500,per_class_equal,43,0.939123106516174,0.9386965006553939,-0.0004266058607801382,0.9398332106000438,0.9382957035565573,-0.0015375070434864302,0.9736190950652845,0.9735186826008646,-0.00010041246441994112,0.10809809802844698,0.9726559496919314
/home/bruno.fonkeng/gencys/artifacts_paper3/gan/summaries/summary_20260513_221615.json,gan,gan_paper3_aug_balanced_b2000_pc2000_s43,paper3,paper3_aug_balanced_b2000,ustc_tfc2016,balanced,2000,per_class_equal,43,0.9379221186578095,0.9460424711416686,0.008120352483859117,0.9388545954537215,0.946282759879261,0.007428164425539507,0.9720767640931567,0.9764466957474153,0.004369931654258585,0.10897023909501713,0.9726559496919314
/home/bruno.fonkeng/gencys/artifacts_paper3/gan/summaries/summary_20260514_071838.json,gan,gan_paper3_aug_balanced_b500_pc500_s44,paper3,paper3_aug_balanced_b500,ustc_tfc2016,balanced,500,per_class_equal,44,0.939454843340502,0.9402479116124657,0.0007930682719636817,0.9395615186001116,0.941327503958285,0.0017659853581734053,0.9744890160408871,0.9747882976472826,0.00029928160639547396,0.7999848382913488,0.9964745013581382
/home/bruno.fonkeng/gencys/artifacts_paper3/gan/summaries/summary_20260514_072829.json,gan,gan_paper3_aug_balanced_b2000_pc2000_s44,paper3,paper3_aug_balanced_b2000,ustc_tfc2016,balanced,2000,per_class_equal,44,0.9392844649811575,0.9481363720082364,0.008851907027078942,0.9392542488840028,0.948068162655423,0.008813913771420268,0.972838154687861,0.977795786335185,0.004957631647324101,0.7989502040934464,0.9964745013581382
/home/bruno.fonkeng/gencys/artifacts_paper3/gan/summaries/summary_20260514_134709.json,gan,gan_paper3_aug_balanced_b500_pc500_s44,paper3,paper3_aug_balanced_b500,ustc_tfc2016,balanced,500,per_class_equal,44,0.9408335107107811,0.9396365772453671,-0.0011969334654140518,0.940942692984348,0.9406715713273687,-0.0002711216569792896,0.9749882518073455,0.9766057516470177,0.0016174998396721874,0.7999848382913488,0.9964745013581382
/home/bruno.fonkeng/gencys/artifacts_paper3/vae/summaries/summary_20260514_202113.json,vae,vae_paper3_vae_aug_balanced_b25_pc25_s42,paper3,paper3_vae_aug_balanced_b25,ustc_tfc2016,balanced,25,vae_augmented,42,0.9372100876522492,0.9422290358351277,0.005018948182878513,0.9374578502885164,0.9425044501185725,0.005046599830056175,0.972282482795894,0.9759767034531058,0.003694220657211811,0.08519931585189378,0.9562308122052087
/home/bruno.fonkeng/gencys/artifacts_paper3/vae/summaries/summary_20260514_222840.json,vae,vae_paper3_vae_aug_balanced_b25_pc25_s42,paper3,paper3_vae_aug_balanced_b25,ustc_tfc2016,balanced,25,vae_augmented,42,0.9441471193130262,0.9423258563881287,-0.001821262924897482,0.9446002331585532,0.9427365340525782,-0.0018636991059750585,0.9757942030805388,0.9753110180204181,-0.0004831850601206833,0.08519931585189378,0.9562308122052087
/home/bruno.fonkeng/gencys/artifacts_paper3/vae/summaries/summary_20260514_224914.json,vae,vae_paper3_vae_aug_balanced_b100_pc100_s42,paper3,paper3_vae_aug_balanced_b100,ustc_tfc2016,balanced,100,vae_augmented,42,0.9417510251356198,0.9410595620809219,-0.0006914630546979161,0.9423101030240526,0.9411389827793839,-0.0011711202446686997,0.9743769590619856,0.9753723633815888,0.0009954043196032103,0.08678909169978284,0.9548689860767788
/home/bruno.fonkeng/gencys/artifacts_paper3/vae/summaries/summary_20260514_230947.json,vae,vae_paper3_vae_aug_balanced_b500_pc500_s42,paper3,paper3_vae_aug_balanced_b500,ustc_tfc2016,balanced,500,vae_augmented,42,0.9428212179461136,0.9422796700577675,-0.00054154788834615,0.9431557974106405,0.9429279132237498,-0.00022788418689068113,0.97549387305039,0.9750098549367296,-0.0004840181136603894,0.08785459619028506,0.9546884136729771
/home/bruno.fonkeng/gencys/artifacts_paper3/vae/summaries/summary_20260514_233214.json,vae,vae_paper3_vae_aug_balanced_b2000_pc2000_s42,paper3,paper3_vae_aug_balanced_b2000,ustc_tfc2016,balanced,2000,vae_augmented,42,0.9401470632820254,0.9424867826871703,0.002339719405144991,0.9405153264573359,0.9423833686770323,0.0018680422196963864,0.9748051413829626,0.9750838959252631,0.00027875454230053,0.08622298036585571,0.9546675153573354
/home/bruno.fonkeng/gencys/artifacts_paper3/vae/summaries/summary_20260514_235621.json,vae,vae_paper3_vae_aug_balanced_b25_pc25_s43,paper3,paper3_vae_aug_balanced_b25,ustc_tfc2016,balanced,25,vae_augmented,43,0.9372206775327491,0.9410165010827404,0.0037958235499913062,0.9385399588624779,0.9412513689948869,0.0027114101324090534,0.973957999624204,0.9714710237419631,-0.002486975882240894,0.09959757589038061,0.9388977168003718
/home/bruno.fonkeng/gencys/artifacts_paper3/vae/summaries/summary_20260515_001820.json,vae,vae_paper3_vae_aug_balanced_b100_pc100_s43,paper3,paper3_vae_aug_balanced_b100,ustc_tfc2016,balanced,100,vae_augmented,43,0.9380640183968141,0.9400997514337386,0.002035733036924503,0.938793040526132,0.9403911114438829,0.0015980709177508823,0.9734934121006312,0.9723134758301212,-0.0011799362705100513,0.09970940583094694,0.9388809666368696
/home/bruno.fonkeng/gencys/artifacts_paper3/vae/summaries/summary_20260515_004040.json,vae,vae_paper3_vae_aug_balanced_b500_pc500_s43,paper3,paper3_vae_aug_balanced_b500,ustc_tfc2016,balanced,500,vae_augmented,43,0.940206421455267,0.9354813190685987,-0.004725102386668345,0.9406417813843608,0.9359489031018288,-0.004692878282532065,0.9744770786191052,0.9730980630103547,-0.0013790156087504224,0.10152499455184527,0.942095114853647
/home/bruno.fonkeng/gencys/artifacts_paper3/vae/summaries/summary_20260515_010329.json,vae,vae_paper3_vae_aug_balanced_b2000_pc2000_s43,paper3,paper3_vae_aug_balanced_b2000,ustc_tfc2016,balanced,2000,vae_augmented,43,0.9384604955996184,0.9388859956792854,0.0004255000796670183,0.9390416305690812,0.9393197922384875,0.00027816166940630715,0.9735406884871379,0.9729869264152042,-0.0005537620719336944,0.10211169125202502,0.9419270326031579
/home/bruno.fonkeng/gencys/artifacts_paper3/vae/summaries/summary_20260515_012930.json,vae,vae_paper3_vae_aug_balanced_b25_pc25_s44,paper3,paper3_vae_aug_balanced_b25,ustc_tfc2016,balanced,25,vae_augmented,44,0.9373665764927056,0.9396047758850491,0.0022381993923434873,0.9375474168237725,0.9402128908899875,0.002665474066214979,0.9725565433782365,0.9755291471790086,0.0029726038007721334,0.11096863749349772,0.9356662819782893
/home/bruno.fonkeng/gencys/artifacts_paper3/vae/summaries/summary_20260515_015040.json,vae,vae_paper3_vae_aug_balanced_b100_pc100_s44,paper3,paper3_vae_aug_balanced_b100,ustc_tfc2016,balanced,100,vae_augmented,44,0.9437175416227352,0.9439887579105888,0.00027121628785353735,0.9437372854172177,0.9440098158918249,0.00027253047460717994,0.9761879763403704,0.9765792446123874,0.0003912682720170757,0.113028481596784,0.937614743742678
/home/bruno.fonkeng/gencys/artifacts_paper3/vae/summaries/summary_20260515_021515.json,vae,vae_paper3_vae_aug_balanced_b500_pc500_s44,paper3,paper3_vae_aug_balanced_b500,ustc_tfc2016,balanced,500,vae_augmented,44,0.9382698560640795,0.938259937644609,-9.91841947051153e-06,0.9380570742445214,0.9384721528573041,0.0004150786127826711,0.9717460149053948,0.9741251619940149,0.0023791470886200816,0.11053429883983115,0.9369490544001261
/home/bruno.fonkeng/gencys/artifacts_paper3/vae/summaries/summary_20260515_024304.json,vae,vae_paper3_vae_aug_balanced_b2000_pc2000_s44,paper3,paper3_vae_aug_balanced_b2000,ustc_tfc2016,balanced,2000,vae_augmented,44,0.9421638688811771,0.9429331199389088,0.0007692510577317346,0.9419422874783463,0.9429593221362449,0.0010170346578985967,0.9743459232336907,0.9757806118932684,0.001434688659577632,0.11141411388040798,0.9382879012823104
/home/bruno.fonkeng/gencys/artifacts_paper3/vae/summaries/summary_20260515_064824.json,vae,vae_paper3_vae_realonly_balanced_pc25_s42,paper3,paper3_vae_realonly_balanced,ustc_tfc2016,balanced,0,real_only,42,0.9331870164829574,,,0.934398529858139,,,0.9724943432145088,,,,
/home/bruno.fonkeng/gencys/artifacts_paper3/vae/summaries/summary_20260515_065057.json,vae,vae_paper3_vae_realonly_balanced_pc25_s43,paper3,paper3_vae_realonly_balanced,ustc_tfc2016,balanced,0,real_only,43,0.9384390142084267,,,0.939355353786091,,,0.9751959790938847,,,,
/home/bruno.fonkeng/gencys/artifacts_paper3/vae/summaries/summary_20260515_065335.json,vae,vae_paper3_vae_realonly_balanced_pc25_s44,paper3,paper3_vae_realonly_balanced,ustc_tfc2016,balanced,0,real_only,44,0.9396778007722555,,,0.9399881280873412,,,0.9749589894479838,,,,
