summary_path,summary_mtime,family,config_id,seed,budget_per_class,class_id,real_only_precision,real_plus_synth_precision,delta_precision,real_only_recall,real_plus_synth_recall,delta_recall,real_only_f1,real_plus_synth_f1,delta_f1,support
/home/bruno.fonkeng/gencys/artifacts_paper3/diffusion/summaries/summary_20260524_143927.json,1779652455.419586,DIFFUSION,paper3_diffusion_aug_minority_heavy_c4c7_b100,42,100,4,0.7934782608695652,0.7526315789473684,-0.04084668192219676,0.6561797752808989,0.6426966292134831,-0.013483146067415741,0.7183271832718328,0.6933333333333334,-0.0249938499384994,890
/home/bruno.fonkeng/gencys/artifacts_paper3/diffusion/summaries/summary_20260524_143927.json,1779652455.419586,DIFFUSION,paper3_diffusion_aug_minority_heavy_c4c7_b100,42,100,7,0.7099311701081613,0.7095032397408207,-0.00042793036734056766,0.7951541850220264,0.723568281938326,-0.07158590308370039,0.7501298701298701,0.7164667393675027,-0.03366313076236738,908
/home/bruno.fonkeng/gencys/artifacts_paper3/diffusion/summaries/summary_20260524_152533.json,1779655228.969151,DIFFUSION,paper3_diffusion_aug_minority_heavy_c4c7_b100,43,100,4,0.6584249084249084,0.6302382908792111,-0.02818661754569729,0.8078651685393259,0.8617977528089887,0.05393258426966285,0.7255297679112008,0.7280493592785952,0.002519591367394325,890
/home/bruno.fonkeng/gencys/artifacts_paper3/diffusion/summaries/summary_20260524_152533.json,1779655228.969151,DIFFUSION,paper3_diffusion_aug_minority_heavy_c4c7_b100,43,100,7,0.7735099337748345,0.8374485596707819,0.06393862589594745,0.6431718061674009,0.44823788546255505,-0.19493392070484583,0.7023451593505713,0.5839311334289814,-0.1184140259215899,908
/home/bruno.fonkeng/gencys/artifacts_paper3/diffusion/summaries/summary_20260524_161145.json,1779657994.487194,DIFFUSION,paper3_diffusion_aug_minority_heavy_c4c7_b100,44,100,4,0.7086031452358927,0.7257889009793254,0.017185755743432618,0.8606741573033708,0.749438202247191,-0.11123595505617978,0.7772704211060375,0.7374239911553344,-0.03984642995070309,890
/home/bruno.fonkeng/gencys/artifacts_paper3/diffusion/summaries/summary_20260524_161145.json,1779657994.487194,DIFFUSION,paper3_diffusion_aug_minority_heavy_c4c7_b100,44,100,7,0.8433382137628112,0.7639429312581063,-0.07939528250470484,0.6343612334801763,0.6486784140969163,0.014317180616740033,0.7240729101194218,0.7016081000595593,-0.02246481005986245,908
/home/bruno.fonkeng/gencys/artifacts_paper3/diffusion/summaries/summary_20260524_145438.json,1779653384.482173,DIFFUSION,paper3_diffusion_aug_minority_heavy_c4c7_b500,42,500,4,0.7622461170848268,0.7111597374179431,-0.051086379666883674,0.7168539325842697,0.7303370786516854,0.013483146067415741,0.7388535031847133,0.720620842572062,-0.018232660612651275,890
/home/bruno.fonkeng/gencys/artifacts_paper3/diffusion/summaries/summary_20260524_145438.json,1779653384.482173,DIFFUSION,paper3_diffusion_aug_minority_heavy_c4c7_b500,42,500,7,0.7443946188340808,0.7466174661746617,0.00222284734058098,0.7312775330396476,0.6685022026431718,-0.06277533039647576,0.7377777777777778,0.705403834979663,-0.032373942798114785,908
/home/bruno.fonkeng/gencys/artifacts_paper3/diffusion/summaries/summary_20260524_154047.json,1779656155.332286,DIFFUSION,paper3_diffusion_aug_minority_heavy_c4c7_b500,43,500,4,0.6996086105675147,0.7255555555555555,0.025946944988040843,0.8033707865168539,0.7337078651685394,-0.06966292134831453,0.747907949790795,0.729608938547486,-0.018299011243309016,890
/home/bruno.fonkeng/gencys/artifacts_paper3/diffusion/summaries/summary_20260524_154047.json,1779656155.332286,DIFFUSION,paper3_diffusion_aug_minority_heavy_c4c7_b500,43,500,7,0.7849872773536896,0.7570900123304563,-0.02789726502323331,0.6795154185022027,0.6762114537444934,-0.0033039647577092213,0.7284533648170012,0.7143688190808609,-0.014084545736140264,908
/home/bruno.fonkeng/gencys/artifacts_paper3/diffusion/summaries/summary_20260524_162652.json,1779658919.321012,DIFFUSION,paper3_diffusion_aug_minority_heavy_c4c7_b500,44,500,4,0.719,0.7448453608247423,0.025845360824742314,0.8078651685393259,0.6494382022471911,-0.15842696629213482,0.7608465608465609,0.6938775510204082,-0.06696900982615273,890
/home/bruno.fonkeng/gencys/artifacts_paper3/diffusion/summaries/summary_20260524_162652.json,1779658919.321012,DIFFUSION,paper3_diffusion_aug_minority_heavy_c4c7_b500,44,500,7,0.7925033467202142,0.7410604192355117,-0.05144292748470247,0.6519823788546255,0.6618942731277533,0.009911894273127775,0.7154078549848942,0.6992437463641652,-0.016164108620729034,908
/home/bruno.fonkeng/gencys/artifacts_paper3/diffusion/summaries/summary_20260524_151002.json,1779654313.529155,DIFFUSION,paper3_diffusion_aug_minority_heavy_c4c7_b2000,42,2000,4,0.755688622754491,0.7933130699088146,0.03762444715432356,0.7089887640449438,0.5865168539325842,-0.12247191011235958,0.7315942028985507,0.6744186046511628,-0.05717559824738794,890
/home/bruno.fonkeng/gencys/artifacts_paper3/diffusion/summaries/summary_20260524_151002.json,1779654313.529155,DIFFUSION,paper3_diffusion_aug_minority_heavy_c4c7_b2000,42,2000,7,0.742152466367713,0.6809302325581396,-0.06122223380957348,0.7290748898678414,0.8061674008810573,0.0770925110132159,0.7355555555555555,0.7382753403933434,0.0027197848377878975,908
/home/bruno.fonkeng/gencys/artifacts_paper3/diffusion/summaries/summary_20260524_155614.json,1779657087.629357,DIFFUSION,paper3_diffusion_aug_minority_heavy_c4c7_b2000,43,2000,4,0.6860902255639098,0.7204419889502762,0.034351763386366474,0.8202247191011236,0.7325842696629213,-0.08764044943820226,0.7471852610030706,0.7264623955431755,-0.0207228654598951,890
/home/bruno.fonkeng/gencys/artifacts_paper3/diffusion/summaries/summary_20260524_155614.json,1779657087.629357,DIFFUSION,paper3_diffusion_aug_minority_heavy_c4c7_b2000,43,2000,7,0.7902374670184696,0.7383720930232558,-0.05186537399521385,0.6596916299559471,0.6993392070484582,0.0396475770925111,0.7190876350540216,0.7183257918552036,-0.0007618431988180019,908
/home/bruno.fonkeng/gencys/artifacts_paper3/diffusion/summaries/summary_20260524_164217.json,1779659849.768925,DIFFUSION,paper3_diffusion_aug_minority_heavy_c4c7_b2000,44,2000,4,0.700374531835206,0.781718963165075,0.08134443132986902,0.8404494382022472,0.6438202247191012,-0.196629213483146,0.7640449438202247,0.7060998151571165,-0.05794512866310819,890
/home/bruno.fonkeng/gencys/artifacts_paper3/diffusion/summaries/summary_20260524_164217.json,1779659849.768925,DIFFUSION,paper3_diffusion_aug_minority_heavy_c4c7_b2000,44,2000,7,0.8099730458221024,0.7450292397660818,-0.06494380605602057,0.6618942731277533,0.7015418502202643,0.03964757709251099,0.7284848484848485,0.7226318774815655,-0.00585297100328297,908
/home/bruno.fonkeng/gencys/artifacts_paper3/gan/summaries/summary_20260524_100208.json,1779635813.785068,GAN,paper3_gan_aug_minority_heavy_c4c7_b100,42,100,4,0.7651612903225806,0.7755102040816326,0.010348913759052003,0.6662921348314607,0.6404494382022472,-0.025842696629213457,0.7123123123123123,0.7015384615384616,-0.010773850773850735,890
/home/bruno.fonkeng/gencys/artifacts_paper3/gan/summaries/summary_20260524_100208.json,1779635813.785068,GAN,paper3_gan_aug_minority_heavy_c4c7_b100,42,100,7,0.7134020618556701,0.7257709251101322,0.01236886325446207,0.762114537444934,0.7257709251101322,-0.03634361233480177,0.7369542066027689,0.7257709251101322,-0.011183281492636699,908
/home/bruno.fonkeng/gencys/artifacts_paper3/gan/summaries/summary_20260524_104857.json,1779638626.91527,GAN,paper3_gan_aug_minority_heavy_c4c7_b100,43,100,4,0.6866096866096866,0.6675603217158177,-0.01904936489386888,0.8123595505617978,0.8393258426966292,0.026966292134831482,0.7442099845599588,0.7436535589845694,-0.0005564255753893743,890
/home/bruno.fonkeng/gencys/artifacts_paper3/gan/summaries/summary_20260524_104857.json,1779638626.91527,GAN,paper3_gan_aug_minority_heavy_c4c7_b100,43,100,7,0.7881899871630296,0.8472727272727273,0.05908274010969772,0.6762114537444934,0.513215859030837,-0.16299559471365643,0.7279193835210432,0.6392318244170097,-0.08868755910403359,908
/home/bruno.fonkeng/gencys/artifacts_paper3/gan/summaries/summary_20260524_113504.json,1779641393.226423,GAN,paper3_gan_aug_minority_heavy_c4c7_b100,44,100,4,0.7027777777777777,0.7298919567827131,0.0271141790049354,0.852808988764045,0.6831460674157304,-0.16966292134831462,0.7705583756345178,0.705745792222867,-0.06481258341165075,890
/home/bruno.fonkeng/gencys/artifacts_paper3/gan/summaries/summary_20260524_113504.json,1779641393.226423,GAN,paper3_gan_aug_minority_heavy_c4c7_b100,44,100,7,0.8360655737704918,0.7302709069493521,-0.1057946668211397,0.6178414096916299,0.6828193832599119,0.06497797356828194,0.7105763141228626,0.7057484348321001,-0.004827879290762449,908
/home/bruno.fonkeng/gencys/artifacts_paper3/gan/summaries/summary_20260524_101711.json,1779636737.358589,GAN,paper3_gan_aug_minority_heavy_c4c7_b500,42,500,4,0.7926509186351706,0.7114164904862579,-0.08123442814891269,0.6786516853932584,0.7561797752808989,0.07752808988764048,0.7312348668280871,0.7331154684095861,0.0018806015814989419,890
/home/bruno.fonkeng/gencys/artifacts_paper3/gan/summaries/summary_20260524_101711.json,1779636737.358589,GAN,paper3_gan_aug_minority_heavy_c4c7_b500,42,500,7,0.7255102040816327,0.7637292464878672,0.03821904240623453,0.7830396475770925,0.6585903083700441,-0.12444933920704848,0.753177966101695,0.7072738024837374,-0.04590416361795757,908
/home/bruno.fonkeng/gencys/artifacts_paper3/gan/summaries/summary_20260524_110405.json,1779639550.722963,GAN,paper3_gan_aug_minority_heavy_c4c7_b500,43,500,4,0.6454388984509466,0.7668463611859838,0.12140746273503722,0.8426966292134831,0.6393258426966292,-0.20337078651685392,0.7309941520467836,0.6973039215686274,-0.033690230478156225,890
/home/bruno.fonkeng/gencys/artifacts_paper3/gan/summaries/summary_20260524_110405.json,1779639550.722963,GAN,paper3_gan_aug_minority_heavy_c4c7_b500,43,500,7,0.7994269340974212,0.7118463180362861,-0.0875806160611351,0.6145374449339207,0.7345814977973568,0.12004405286343611,0.6948941469489415,0.7230352303523035,0.028141083403362077,908
/home/bruno.fonkeng/gencys/artifacts_paper3/gan/summaries/summary_20260524_115011.json,1779642314.629636,GAN,paper3_gan_aug_minority_heavy_c4c7_b500,44,500,4,0.6896551724137931,0.7855227882037533,0.09586761578996017,0.8764044943820225,0.6584269662921348,-0.21797752808988768,0.7718951014349332,0.7163814180929096,-0.05551368334202367,890
/home/bruno.fonkeng/gencys/artifacts_paper3/gan/summaries/summary_20260524_115011.json,1779642314.629636,GAN,paper3_gan_aug_minority_heavy_c4c7_b500,44,500,7,0.8476923076923077,0.7514792899408284,-0.09621301775147939,0.6068281938325991,0.6993392070484582,0.09251101321585908,0.7073170731707317,0.7244723331431832,0.017155259972451486,908
/home/bruno.fonkeng/gencys/artifacts_paper3/gan/summaries/summary_20260524_103328.json,1779637719.55512,GAN,paper3_gan_aug_minority_heavy_c4c7_b2000,42,2000,4,0.7855263157894737,0.7472924187725631,-0.0382338970169106,0.6707865168539325,0.697752808988764,0.026966292134831482,0.7236363636363636,0.7216734456711215,-0.0019629179652421724,890
/home/bruno.fonkeng/gencys/artifacts_paper3/gan/summaries/summary_20260524_103328.json,1779637719.55512,GAN,paper3_gan_aug_minority_heavy_c4c7_b2000,42,2000,7,0.7169625246548323,0.7354260089686099,0.018463484313777534,0.8006607929515418,0.7224669603524229,-0.07819383259911894,0.7565036420395421,0.7288888888888889,-0.027614753150653204,908
/home/bruno.fonkeng/gencys/artifacts_paper3/gan/summaries/summary_20260524_111930.json,1779640484.730513,GAN,paper3_gan_aug_minority_heavy_c4c7_b2000,43,2000,4,0.6774509803921569,0.686818632309217,0.009367651917060127,0.7764044943820225,0.7786516853932585,0.0022471910112359383,0.7235602094240837,0.7298578199052133,0.006297610481129534,890
/home/bruno.fonkeng/gencys/artifacts_paper3/gan/summaries/summary_20260524_111930.json,1779640484.730513,GAN,paper3_gan_aug_minority_heavy_c4c7_b2000,43,2000,7,0.7596618357487923,0.757537688442211,-0.002124147306581281,0.6927312775330396,0.6640969162995595,-0.028634361233480177,0.7246543778801844,0.7077464788732394,-0.016907899006945004,908
/home/bruno.fonkeng/gencys/artifacts_paper3/gan/summaries/summary_20260524_120534.json,1779643250.993149,GAN,paper3_gan_aug_minority_heavy_c4c7_b2000,44,2000,4,0.6985815602836879,0.7935702199661591,0.09498865968247117,0.8853932584269663,0.5269662921348315,-0.3584269662921348,0.7809712586719524,0.6333558406482107,-0.14761541802374167,890
/home/bruno.fonkeng/gencys/artifacts_paper3/gan/summaries/summary_20260524_120534.json,1779643250.993149,GAN,paper3_gan_aug_minority_heavy_c4c7_b2000,44,2000,7,0.8593272171253823,0.6872427983539094,-0.17208441877147285,0.6189427312775331,0.73568281938326,0.11674008810572689,0.7195902688860435,0.7106382978723405,-0.008951971013703042,908
/home/bruno.fonkeng/gencys/artifacts_paper3/vae/summaries/summary_20260524_122109.json,1779644155.410421,VAE,paper3_vae_aug_minority_heavy_c4c7_b100,42,100,4,0.7847938144329897,0.7883522727272727,0.003558458294283029,0.6842696629213483,0.6235955056179775,-0.06067415730337078,0.7310924369747899,0.6963613550815558,-0.03473108189323404,890
/home/bruno.fonkeng/gencys/artifacts_paper3/vae/summaries/summary_20260524_122109.json,1779644155.410421,VAE,paper3_vae_aug_minority_heavy_c4c7_b100,42,100,7,0.732912723449001,0.719017094017094,-0.01389562943190703,0.7676211453744494,0.7411894273127754,-0.026431718061673992,0.7498655190962883,0.7299349240780911,-0.01993059501819716,908
/home/bruno.fonkeng/gencys/artifacts_paper3/vae/summaries/summary_20260524_130708.json,1779646918.52844,VAE,paper3_vae_aug_minority_heavy_c4c7_b100,43,100,4,0.6969407265774379,0.6648301193755739,-0.03211060720186398,0.8191011235955056,0.8134831460674158,-0.00561797752808979,0.753099173553719,0.7316826680141486,-0.02141650553957042,890
/home/bruno.fonkeng/gencys/artifacts_paper3/vae/summaries/summary_20260524_130708.json,1779646918.52844,VAE,paper3_vae_aug_minority_heavy_c4c7_b100,43,100,7,0.7983870967741935,0.8016393442622951,0.0032522474881016006,0.6541850220264317,0.538546255506608,-0.11563876651982374,0.7191283292978208,0.6442687747035574,-0.07485955459426341,908
/home/bruno.fonkeng/gencys/artifacts_paper3/vae/summaries/summary_20260524_135322.json,1779649697.929482,VAE,paper3_vae_aug_minority_heavy_c4c7_b100,44,100,4,0.6821305841924399,0.7366412213740458,0.05451063718160587,0.8921348314606742,0.650561797752809,-0.2415730337078652,0.7731256085686465,0.6909307875894988,-0.08219482097914776,890
/home/bruno.fonkeng/gencys/artifacts_paper3/vae/summaries/summary_20260524_135322.json,1779649697.929482,VAE,paper3_vae_aug_minority_heavy_c4c7_b100,44,100,7,0.8543247344461306,0.7486842105263158,-0.10564052391981471,0.6200440528634361,0.6266519823788547,0.0066079295154185536,0.7185705169112955,0.6822541966426858,-0.03631632026860965,908
/home/bruno.fonkeng/gencys/artifacts_paper3/vae/summaries/summary_20260524_123613.json,1779645074.643175,VAE,paper3_vae_aug_minority_heavy_c4c7_b500,42,500,4,0.7955801104972375,0.720620842572062,-0.07495926792517549,0.647191011235955,0.7303370786516854,0.08314606741573038,0.7137546468401487,0.7254464285714286,0.011691781731279938,890
/home/bruno.fonkeng/gencys/artifacts_paper3/vae/summaries/summary_20260524_123613.json,1779645074.643175,VAE,paper3_vae_aug_minority_heavy_c4c7_b500,42,500,7,0.7107355864811133,0.7392857142857143,0.028550127804600978,0.7874449339207048,0.683920704845815,-0.10352422907488978,0.7471264367816092,0.7105263157894737,-0.0366001209921355,908
/home/bruno.fonkeng/gencys/artifacts_paper3/vae/summaries/summary_20260524_132216.json,1779647846.402652,VAE,paper3_vae_aug_minority_heavy_c4c7_b500,43,500,4,0.7092050209205021,0.7476415094339622,0.038436488513460154,0.7617977528089888,0.7123595505617978,-0.04943820224719098,0.7345612134344529,0.7295742232451093,-0.004986990189343565,890
/home/bruno.fonkeng/gencys/artifacts_paper3/vae/summaries/summary_20260524_132216.json,1779647846.402652,VAE,paper3_vae_aug_minority_heavy_c4c7_b500,43,500,7,0.7567886658795749,0.7736093143596378,0.016820648480062816,0.7059471365638766,0.6585903083700441,-0.04735682819383258,0.7304843304843305,0.711481261154075,-0.01900306933025553,908
/home/bruno.fonkeng/gencys/artifacts_paper3/vae/summaries/summary_20260524_140836.json,1779650618.510317,VAE,paper3_vae_aug_minority_heavy_c4c7_b500,44,500,4,0.7061611374407583,0.7650834403080873,0.058922302867329024,0.8370786516853933,0.6696629213483146,-0.16741573033707868,0.7660668380462725,0.7142001198322349,-0.051866718214037655,890
/home/bruno.fonkeng/gencys/artifacts_paper3/vae/summaries/summary_20260524_140836.json,1779650618.510317,VAE,paper3_vae_aug_minority_heavy_c4c7_b500,44,500,7,0.8136300417246175,0.7402745995423341,-0.0733554421822834,0.6442731277533039,0.7125550660792952,0.06828193832599128,0.7191149354640443,0.7261503928170595,0.007035457353015251,908
/home/bruno.fonkeng/gencys/artifacts_paper3/vae/summaries/summary_20260524_125141.json,1779646010.559297,VAE,paper3_vae_aug_minority_heavy_c4c7_b2000,42,2000,4,0.7691309987029832,0.6966604823747681,-0.0724705163282151,0.6662921348314607,0.8438202247191011,0.17752808988764046,0.7140276941601444,0.7632113821138211,0.04918368795367667,890
/home/bruno.fonkeng/gencys/artifacts_paper3/vae/summaries/summary_20260524_125141.json,1779646010.559297,VAE,paper3_vae_aug_minority_heavy_c4c7_b2000,42,2000,7,0.7192066805845512,0.827123695976155,0.10791701539160381,0.7588105726872246,0.6112334801762115,-0.14757709251101314,0.7384780278670954,0.7029765674477517,-0.035501460419343656,908
/home/bruno.fonkeng/gencys/artifacts_paper3/vae/summaries/summary_20260524_133744.json,1779648784.696394,VAE,paper3_vae_aug_minority_heavy_c4c7_b2000,43,2000,4,0.7085152838427947,0.7422680412371134,0.03375275739431871,0.7292134831460674,0.7280898876404495,-0.0011235955056179137,0.7187153931339978,0.7351106069200227,0.01639521378602493,890
/home/bruno.fonkeng/gencys/artifacts_paper3/vae/summaries/summary_20260524_133744.json,1779648784.696394,VAE,paper3_vae_aug_minority_heavy_c4c7_b2000,43,2000,7,0.7298474945533769,0.7463026166097838,0.016455122056406868,0.737885462555066,0.7224669603524229,-0.01541850220264318,0.7338444687842278,0.7341913822048125,0.00034691342058468244,908
/home/bruno.fonkeng/gencys/artifacts_paper3/vae/summaries/summary_20260524_142356.json,1779651549.659218,VAE,paper3_vae_aug_minority_heavy_c4c7_b2000,44,2000,4,0.7072243346007605,0.7806539509536785,0.073429616352918,0.8359550561797753,0.6438202247191012,-0.19213483146067412,0.7662203913491246,0.7056650246305419,-0.06055536671858264,890
/home/bruno.fonkeng/gencys/artifacts_paper3/vae/summaries/summary_20260524_142356.json,1779651549.659218,VAE,paper3_vae_aug_minority_heavy_c4c7_b2000,44,2000,7,0.8150208623087621,0.7331042382588774,-0.08191662404988476,0.6453744493392071,0.7048458149779736,0.05947136563876654,0.7203441917639828,0.7186973610331274,-0.0016468307308553642,908
