path,sha256,classification,migration_policy,categories,accesses,evidence_count,evidence_lines
.github/workflows/ci.yml,2f0f35c0a3eb8a945a7e345c8ebdafbfbb19fd01f35d067d93c730fb75deb135,test_or_ci,review_only,consolidated_jsonl,reference,2,155;176
Makefile,400182106ba727595ae86470d67d22519be36f730426c6c48f4fc8e8e62897a0,historical_evidence_mutator_or_producer,review_before_any_migration,consolidated_jsonl;historical_paper1_root;latest_alias;timestamped_summary,reference;write,5,48;348;350;351;396
README.md,8ccaa9dc4a7ba7de2abac0af9dc609a4b68595c92789a16ffa7255dd0c7dbf51,documentation,review_only,consolidated_jsonl;timestamped_summary,reference,4,101;102;136;137
Runbook.md,3a6f5032a9dd6d5ae686d58fbf2a8f5a5a5d6b90d2f640a7b01042d64dd78e3b,documentation,review_only,consolidated_jsonl;timestamped_summary,reference,2,79;80
configs/paper1_cicmaldroid.yaml,76da1e6a6feaeb96010fbf5abe2a02e7afe3c7b0771e95268dedbae799888dbd,configuration_dependency,review_dependency_no_automatic_migration,historical_paper1_root,reference,3,26;33;34
configs/paper1_config.yaml,16332c3a2dcdfe1625b6aac4b908ec6e7896e827c5ba9b6f3e7247d0baaf9c8e,configuration_dependency,review_dependency_no_automatic_migration,historical_paper1_root,reference,2,32;33
configs/paper1_final.yaml,b5eb6997b0c4b85593e39a48ac3fce3667fe40c715eee36c3198f900505c8170,configuration_dependency,review_dependency_no_automatic_migration,historical_paper1_root,reference,2,32;33
configs/paper1_final_rerun.yaml,559d2f47bd35c72bda6dc0b06a55d38312dfec6c88b4e2f20591118fa5492800,configuration_dependency,review_dependency_no_automatic_migration,historical_paper1_root,reference,2,32;33
configs/paper1_real.yaml,456527c7efaf4d403e13d34edff56e1fbeeae6bea6837e54d746b5918591d4ef,configuration_dependency,review_dependency_no_automatic_migration,historical_paper1_root,reference,2,32;33
configs/paper1_smoke.yaml,338fef78402d393511417e89e5f07a3cb406e055ff1b2dda4e20a62384127011,configuration_dependency,review_dependency_no_automatic_migration,historical_paper1_root,reference,2,32;33
docs/REPRODUCIBILITY_CONTRACT.md,a4fdd89464634c1c64374afd379218697160a7daf9e68f05c89035b4d4267bef,documentation,review_only,latest_alias,reference,2,385;387
docs/STORAGE_AND_PATHS.md,9367b38b9cc1e51a833aaeea14cc8465950f95e51306983151afddad34f5a42e,documentation,review_only,historical_paper1_root;latest_alias,reference,3,114;124;348
docs/paper01_execution_evidence_linkage_schema.md,634d0d8513e82c55c4fb9f75377b93b17dfda5b145f212e749b512b7daf31a70,documentation,review_only,authoritative_score_table;latest_alias;manifest_evidence;timestamped_summary,reference,12,27;35;75;99;157;263;328;354;356;370;430;446
eval/runner.py,fec5d8dcf6adbefe16a1532ac852ce5e027747868de1d86c7a4235ea41ebb15c,historical_pipeline,protected_do_not_migrate_in_m6_5_1,latest_alias;manifest_evidence;timestamped_summary,reference;write,42,11;13;33;34;226;240;242;285;286;288;711;730;766;768;791;794;796;809;811;813;815;817;819;823;825;831;836;846;1013;1014;1031;1162;1291;1297;1779;1784;1820;1830;1833;1865;1932;1937
papers/paper2_conditional_generation_done_right/configs/paper2_cicmaldroid_fakeclass_seed42.yaml,7ffcfa8bce016ccb7d89f2112ac6c4bed152b2d1ce0e4b766bb22aaf3b5c75d1,configuration_dependency,review_dependency_no_automatic_migration,historical_paper1_root,reference,1,9
papers/paper2_conditional_generation_done_right/configs/paper2_cicmaldroid_fakeclass_seed43.yaml,d1096b19bb9acec479d546c9e28e3f3d6e615786210bc3ed957247423bc84765,configuration_dependency,review_dependency_no_automatic_migration,historical_paper1_root,reference,1,9
papers/paper2_conditional_generation_done_right/configs/paper2_cicmaldroid_fakeclass_seed44.yaml,7428f3f8ac2b75663431405a7279191427e517b9ed5f96b4cd7d2d190bad4c93,configuration_dependency,review_dependency_no_automatic_migration,historical_paper1_root,reference,1,9
papers/paper2_conditional_generation_done_right/configs/paper2_cicmaldroid_fakeclass_smoke_seed42.yaml,fe408358bdec2db8e2691e8bf2a38d5eb27f6ea32f3f9b70ea4d00f6583cc048,configuration_dependency,review_dependency_no_automatic_migration,historical_paper1_root,reference,1,9
papers/paper2_conditional_generation_done_right/notes/paper2_cicmaldroid_seed42_findings.md,8f2d3b6e6579939107a4cbf7cf14f2ee6e72f7a0e14290030ba2e18abd477f88,documentation,review_only,historical_paper1_root,reference,1,19
papers/paper4_selective_synth_policies/configs/paper4_cic_policy_class_repair_topk5000_b2000_s42.yaml,6bfb57c11c8a4de958dbf807ad2f34f3091f25c9ec05ef98bda370788474f9e2,configuration_dependency,review_dependency_no_automatic_migration,historical_paper1_root;manifest_evidence,reference,2,17;21
papers/paper4_selective_synth_policies/configs/paper4_cic_policy_class_repair_topk5000_b2000_s43.yaml,d41f299796b28c4c59b988090a79d082a5531643bad5dd989d698920cc2ff1e5,configuration_dependency,review_dependency_no_automatic_migration,historical_paper1_root;manifest_evidence,reference,2,17;21
papers/paper4_selective_synth_policies/configs/paper4_cic_policy_class_repair_topk5000_b2000_s44.yaml,92b26dac369c9960ad30a060f9e76ac8e6537241ccb6093bcfffd210c914b2c6,configuration_dependency,review_dependency_no_automatic_migration,historical_paper1_root;manifest_evidence,reference,2,17;21
papers/paper4_selective_synth_policies/configs/paper4_cic_policy_confidence_ranked_topk1000_b2000_s42.yaml,53c91a6de02224c9e4ba57ef3552d45e1650ac2c03f4e6b9fb238671cf184d5a,configuration_dependency,review_dependency_no_automatic_migration,historical_paper1_root;manifest_evidence,reference,2,16;20
papers/paper4_selective_synth_policies/configs/paper4_cic_policy_confidence_ranked_topk1000_b2000_s43.yaml,e84e39d2a055575712baad3b0f359e51a166a9343f2e046d25be1848a1de73ae,configuration_dependency,review_dependency_no_automatic_migration,historical_paper1_root;manifest_evidence,reference,2,16;20
papers/paper4_selective_synth_policies/configs/paper4_cic_policy_confidence_ranked_topk1000_b2000_s44.yaml,6cb2d9871f86221958e65063a61a15e6917cb80991c8273b8a470b6865f13b1c,configuration_dependency,review_dependency_no_automatic_migration,historical_paper1_root;manifest_evidence,reference,2,16;20
papers/paper4_selective_synth_policies/configs/paper4_cic_policy_keep_all_b2000_s42.yaml,6e58073d9596a7a6ecd303e187939262cff988bf9a148134b7fdc1aa08cdb212,configuration_dependency,review_dependency_no_automatic_migration,historical_paper1_root;manifest_evidence,reference,3,12;12;16
papers/paper4_selective_synth_policies/configs/paper4_cic_policy_keep_all_b2000_s43.yaml,5d4c533912f4c7adf693a12e13efb358d599574c2b6c12a963b4a1a34ae870ff,configuration_dependency,review_dependency_no_automatic_migration,historical_paper1_root;manifest_evidence,reference,3,12;12;16
papers/paper4_selective_synth_policies/configs/paper4_cic_policy_keep_all_b2000_s44.yaml,bee81b8dfa7fe6b7abc848383a8cb5e10673d3e6aa1edd2fb187fe9927a12833,configuration_dependency,review_dependency_no_automatic_migration,historical_paper1_root;manifest_evidence,reference,3,12;12;16
papers/paper4_selective_synth_policies/configs/paper4_cic_realonly_balanced_s42.yaml,fbd2f5082d961d9001d108f26e0083e0c7d19bb8f6ff5cd86f59cfec24c839d3,configuration_dependency,review_dependency_no_automatic_migration,historical_paper1_root,reference,1,14
papers/paper4_selective_synth_policies/configs/paper4_cic_realonly_balanced_s43.yaml,c48ec912e8baea03a110381497e612634d0fcf48565dfdbcf298ed434b0abcb5,configuration_dependency,review_dependency_no_automatic_migration,historical_paper1_root,reference,1,14
papers/paper4_selective_synth_policies/configs/paper4_cic_realonly_balanced_s44.yaml,d102521a371ae690417b2c9d6ec0f784db78eaf4753083a425d239a059bbe95e,configuration_dependency,review_dependency_no_automatic_migration,historical_paper1_root,reference,1,14
scripts/backfill_kid_and_downstream.py,acea9fb0eb9d7ae5f4d27189b2eab90451fa897e79d2b476bebb3d84a55840d3,historical_evidence_mutator_or_producer,review_before_any_migration,latest_alias;manifest_evidence;timestamped_summary,read;reference;write,10,6;77;83;92;97;105;108;109;110;113
scripts/backfill_ms_ssim_per_class.py,e1b1704c115ed2d86dedbf9fd74170cf34412b8472d3151cf76dfd0ac770d6b7,historical_evidence_mutator_or_producer,review_before_any_migration,manifest_evidence;timestamped_summary,read;reference;write,2,22;58
scripts/build_jsonl.sh,52e26c294511d97a467437bb49d2c4b370e5102c30cfbb7566084b06d57078b5,legacy_or_direct_consumer,candidate_for_future_canonical_migration,consolidated_jsonl;timestamped_summary,reference,6,3;3;16;68;69;70
scripts/eval_write_summary.py,6dbeef48adbe14b42d8881a85c74e45fa02bf1a002593684ab3d7ddc4098dcb0,historical_evidence_mutator_or_producer,review_before_any_migration,timestamped_summary,reference;write,1,99
scripts/generate_paper01_execution_evidence_linkage.py,6eebeb907b81461f631038f6790f01960ec1d1061cc80715dabc0c867b524ddb,canonical_consumer,already_canonical,canonical_linkage_interface;latest_alias;manifest_evidence,reference;write,10,11;23;58;326;328;660;790;848;850;1125
scripts/inventory_paper01_execution_evidence.py,cc37788c3e6271d8ae11caba98f6e0801b9ea232f7ca9658032c3b5ca2bbdd07,governance_auditor,preserve_governance_tool,authoritative_score_table;latest_alias;manifest_evidence,read;reference;write,11,15;574;624;806;961;966;1015;1183;1186;1273;1273
scripts/jsonl_to_csv.py,23f4b5b3e9dd44125a352cc0f2fc5c679c43c7d301dc94df42beb0783695bb7e,legacy_or_direct_consumer,candidate_for_future_canonical_migration,consolidated_jsonl,reference,2,15;65
scripts/metrics/aggregate.py,e5f98d3a8dfe75fa71da0da1a95bdf51c585fa507ee679452293e8501f0452e2,legacy_or_direct_consumer,candidate_for_future_canonical_migration,timestamped_summary,read,1,93
scripts/metrics/local_fid_kid.py,e4007a260d4481721452f71450fc45b7708b984bd7b413317e9128fb39743877,historical_evidence_mutator_or_producer,review_before_any_migration,latest_alias;manifest_evidence;timestamped_summary,read;reference;write,6,127;128;213;214;233;252
scripts/metrics/print_cfid_table.py,7f4f2e4988ed1224a83893764397c6315b930a272972dcf2ae211af034cd87f4,legacy_or_direct_consumer,candidate_for_future_canonical_migration,timestamped_summary,reference,1,5
scripts/normalize_summaries.py,dfdf9cfb591cf67592d4b735ecf1650359ec79ee837a5a0ecacea28d5b86a8b2,historical_evidence_mutator_or_producer,review_before_any_migration,timestamped_summary,read;reference;write,2,8;120
scripts/phase1_html.py,55cc5e7c9c3e3d09c09fb2ee2f95b3eb5bfbf994dd059af11161b81050ad2ded,historical_evidence_mutator_or_producer,review_before_any_migration,timestamped_summary,read;write,1,10
scripts/phase1_report.py,e163bc289cde5cd1a5927aa8423916e4222244eb229e1592e7587e795532c86f,historical_evidence_mutator_or_producer,review_before_any_migration,timestamped_summary,read;write,1,12
scripts/plots/_common.py,c6d62669d0d899087238833c60663246f18b83e480f3f6144677165056bdcfaa,legacy_or_direct_consumer,candidate_for_future_canonical_migration,consolidated_jsonl,reference,1,38
scripts/plots/core/calibration_curves.py,36cbdea020cb077c7cf37b56fb088edd79b507c62531323d6dd124422f4d5f5f,legacy_or_direct_consumer,candidate_for_future_canonical_migration,consolidated_jsonl,reference,2,7;146
scripts/plots/core/pareto_downstream_vs_similarity.py,006fb3f93cdcee44ce0c939d084ce133abd4e43bbc917b40054ad665ff8df49a,legacy_or_direct_consumer,candidate_for_future_canonical_migration,consolidated_jsonl,reference,2,13;206
scripts/plots/core/per_class_delta_f1.py,a3ff14d06a8e54096ab488cab586ee975af88dc280bf585e5dd344d2e250ec11,legacy_or_direct_consumer,candidate_for_future_canonical_migration,consolidated_jsonl,reference,2,17;293
scripts/plots/diversity/ms_ssim_hist.py,cf0b7b358d209bc29b1d580f91cd4b4581d0b1b6fa2db8bd517fbd15b13c854a,legacy_or_direct_consumer,candidate_for_future_canonical_migration,consolidated_jsonl,reference,2,19;216
scripts/plots/diversity/nn_distance_distrib.py,a192fa7e9902c09b8dc7c4eb3fafd2c5d6479f0403e5beec1bbed8defa0fe720,legacy_or_direct_consumer,candidate_for_future_canonical_migration,consolidated_jsonl,reference,2,10;346
scripts/plots/hparams/ablation_bars.py,345d1b63c6f06d6abcdac08a5cc0ff1e73246447a105ed30812ab487d73119cf,legacy_or_direct_consumer,candidate_for_future_canonical_migration,consolidated_jsonl,reference,2,25;267
scripts/plots/hparams/parallel_coords.py,7d4ee775e8754c5b1766921687bf88ea42c2111ece66dbca787c866224d68383,legacy_or_direct_consumer,candidate_for_future_canonical_migration,consolidated_jsonl,reference,2,13;245
scripts/plots/imbalance/class_counts_before_after.py,976c87f437b82f6502e72f10dcf6e8f2dad2823f858a6fa5264b1dae0b457620,legacy_or_direct_consumer,candidate_for_future_canonical_migration,consolidated_jsonl,reference,2,44;221
scripts/plots/imbalance/simple_stats_sanity.py,9a13be87ac22d5c9474aac9daa680890a3f2f22ead22d381db4dd574e241961a,legacy_or_direct_consumer,candidate_for_future_canonical_migration,consolidated_jsonl;manifest_evidence,read;reference,8,96;97;99;106;107;109;115;357
scripts/plots/qual/class_triptychs.py,64a759a6607dd2507660d18be9aeef0ff955cae3d5c180dbefe88bb848daf737,legacy_or_direct_consumer,candidate_for_future_canonical_migration,consolidated_jsonl;manifest_evidence,reference,7,19;20;21;44;98;100;318
scripts/summaries_to_jsonl.py,fcdbe26decb66d1aead775deedbfcc4aa496e5ed5fb396b058510f897c18dad0,historical_evidence_mutator_or_producer,review_before_any_migration,consolidated_jsonl;latest_alias;timestamped_summary,reference;write,8,9;49;49;50;74;79;151;347
scripts/trustforge_doctor.py,c753a83bd1c88bdf26ec92be0131eec7fdc2cdd9d3e04f13d48092b0fc60a1c3,canonical_consumer,already_canonical,canonical_linkage_interface,reference,3,837;838;839
scripts/tuning_dashboard.py,fe06a81b108677985351b883a7b59e94013be08063255d8be380b245584fc2a5,legacy_or_direct_consumer,candidate_for_future_canonical_migration,manifest_evidence;timestamped_summary,read;reference,11,8;11;11;41;60;61;63;69;73;120;142
scripts/utils/backfill_counts.py,01bbed896c7c4f6fc67bf5a269cd7e05b9453ac8b58654eecd6333fb677a9066,historical_evidence_mutator_or_producer,review_before_any_migration,consolidated_jsonl;manifest_evidence,reference;write,5,15;43;44;46;71
src/trustforge/paper01_execution_evidence.py,52ad70e04da7e6263dc43218ef595db5b7e43aa5a6b431d78337a662da53a5ce,canonical_consumer,already_canonical,canonical_linkage_interface;latest_alias,reference,7,14;33;183;185;439;455;495
studies/paper01_benchmark/README.md,5b75e9acac001b83ca6ec033f91c3fa3b64a01594b9cf0cb39e73d05cf338c59,documentation,review_only,authoritative_score_table;historical_paper1_root,reference,4,89;89;97;97
tests/test_smoke.py,ef1a2255b29275ffc083bfc6a54b2f316b54b42592716ff62d4aa24b97b4f5c2,test_or_ci,review_only,manifest_evidence;timestamped_summary,read;reference,3,34;37;47
tests/trustforge/test_paper01_execution_evidence.py,398e8c570b5b85cbb454cd2270c9ac6e5ddd0ef1975b1e163a7c464d53f88b73,canonical_consumer,already_canonical,canonical_linkage_interface;latest_alias,reference;write,18,9;11;71;79;95;102;114;124;154;169;183;185;208;226;245;266;287;314
tests/trustforge/test_paper01_execution_evidence_inventory.py,f820e14ffe6b8bb436096a5ca3e0032a2f3f52c95757e59a7a4d47cfb949bc4a,test_or_ci,review_only,latest_alias;timestamped_summary,reference;write,5,113;114;150;154;270
tests/trustforge/test_paper01_execution_evidence_linkage_generator.py,afdc852eb56a16cace5acfad274a4606cec331c91c80d1076f86cdf8ca4651f9,test_or_ci,review_only,latest_alias,reference,1,116
tests/trustforge/test_paper01_execution_evidence_linkage_schema.py,da2b5bae55e1255ed5c0e9f31c542123a9a42cf450a1d08a8de93f55eb5d0be2,test_or_ci,review_only,authoritative_score_table;historical_paper1_root;latest_alias;manifest_evidence;timestamped_summary,reference,7,38;39;67;68;172;173;395
tools/aggregate_phase1.py,28bdcdfa79e3409040b52ecb6eedeaee3ddd6e1dd1917289387b88c88c440bd7,historical_evidence_mutator_or_producer,review_before_any_migration,consolidated_jsonl;timestamped_summary,reference;write,3,8;56;189
tools/build_paper1_jsonl.py,f0bf96bcf90a445a608f0606d0ad5481fa58dcc7eb55ffe40b7160f97259f5b4,historical_evidence_mutator_or_producer,review_before_any_migration,consolidated_jsonl,reference;write,1,7
tools/build_phase1_scores.py,4db3d8e33f7fc5c8ac422f8ee525bb72712bf983daa1604bdc37cd4e7c2c823c,historical_evidence_mutator_or_producer,review_before_any_migration,latest_alias,reference;write,2,15;17
tools/check_phase1_integrity.py,3ec3bab36b41c05c7b392627b07af547fbffbbbad3b79da09e2ee1f3fd3dc6f3,legacy_or_direct_consumer,candidate_for_future_canonical_migration,latest_alias,reference,1,12
tools/freeze_phase1_snapshots.py,b3ab5fe4feeba9053a61fa21f1178add11ef4c4aa97f12d7adf65b753927ded2,historical_evidence_mutator_or_producer,review_before_any_migration,timestamped_summary,read;write,1,20
