path,source_classification,source_migration_policy,source_categories,source_accesses,treatment,priority,target_interface,rationale,constraints
Makefile,historical_evidence_mutator_or_producer,review_before_any_migration,consolidated_jsonl;historical_paper1_root;latest_alias;timestamped_summary,reference;write,REVIEW_BEFORE_MIGRATION,P2,none,Mixed orchestration surface includes destructive or evidence-writing operations. It requires a dedicated safety review before any migration.,historical_artifacts_modified=NO;eval_runner_modified=NO;latest_json_authoritative=NO
configs/paper1_cicmaldroid.yaml,configuration_dependency,review_dependency_no_automatic_migration,historical_paper1_root,reference,CONFIGURATION_ONLY,NONE,none,Configuration records a historical Paper 1 data/artifact dependency. Do not rewrite historical path identity during M6.5; handle only through explicit compatibility/portability work if a future rerun requires it.,historical_artifacts_modified=NO;eval_runner_modified=NO;latest_json_authoritative=NO;automatic_config_rewrite=NO
configs/paper1_config.yaml,configuration_dependency,review_dependency_no_automatic_migration,historical_paper1_root,reference,CONFIGURATION_ONLY,NONE,none,Configuration records a historical Paper 1 data/artifact dependency. Do not rewrite historical path identity during M6.5; handle only through explicit compatibility/portability work if a future rerun requires it.,historical_artifacts_modified=NO;eval_runner_modified=NO;latest_json_authoritative=NO;automatic_config_rewrite=NO
configs/paper1_final.yaml,configuration_dependency,review_dependency_no_automatic_migration,historical_paper1_root,reference,CONFIGURATION_ONLY,NONE,none,Configuration records a historical Paper 1 data/artifact dependency. Do not rewrite historical path identity during M6.5; handle only through explicit compatibility/portability work if a future rerun requires it.,historical_artifacts_modified=NO;eval_runner_modified=NO;latest_json_authoritative=NO;automatic_config_rewrite=NO
configs/paper1_final_rerun.yaml,configuration_dependency,review_dependency_no_automatic_migration,historical_paper1_root,reference,CONFIGURATION_ONLY,NONE,none,Configuration records a historical Paper 1 data/artifact dependency. Do not rewrite historical path identity during M6.5; handle only through explicit compatibility/portability work if a future rerun requires it.,historical_artifacts_modified=NO;eval_runner_modified=NO;latest_json_authoritative=NO;automatic_config_rewrite=NO
configs/paper1_real.yaml,configuration_dependency,review_dependency_no_automatic_migration,historical_paper1_root,reference,CONFIGURATION_ONLY,NONE,none,Configuration records a historical Paper 1 data/artifact dependency. Do not rewrite historical path identity during M6.5; handle only through explicit compatibility/portability work if a future rerun requires it.,historical_artifacts_modified=NO;eval_runner_modified=NO;latest_json_authoritative=NO;automatic_config_rewrite=NO
configs/paper1_smoke.yaml,configuration_dependency,review_dependency_no_automatic_migration,historical_paper1_root,reference,CONFIGURATION_ONLY,NONE,none,Configuration records a historical Paper 1 data/artifact dependency. Do not rewrite historical path identity during M6.5; handle only through explicit compatibility/portability work if a future rerun requires it.,historical_artifacts_modified=NO;eval_runner_modified=NO;latest_json_authoritative=NO;automatic_config_rewrite=NO
eval/runner.py,historical_pipeline,protected_do_not_migrate_in_m6_5_1,latest_alias;manifest_evidence;timestamped_summary,reference;write,PRESERVE_HISTORICAL,NONE,none,Historical producer/mutator or execution component. Rewriting it could change historical reproducibility or evidence semantics; preserve it.,historical_artifacts_modified=NO;eval_runner_modified=NO;latest_json_authoritative=NO;historical_behavior_preserved=YES
papers/paper2_conditional_generation_done_right/configs/paper2_cicmaldroid_fakeclass_seed42.yaml,configuration_dependency,review_dependency_no_automatic_migration,historical_paper1_root,reference,CONFIGURATION_ONLY,NONE,none,Configuration records a historical Paper 1 data/artifact dependency. Do not rewrite historical path identity during M6.5; handle only through explicit compatibility/portability work if a future rerun requires it.,historical_artifacts_modified=NO;eval_runner_modified=NO;latest_json_authoritative=NO;automatic_config_rewrite=NO
papers/paper2_conditional_generation_done_right/configs/paper2_cicmaldroid_fakeclass_seed43.yaml,configuration_dependency,review_dependency_no_automatic_migration,historical_paper1_root,reference,CONFIGURATION_ONLY,NONE,none,Configuration records a historical Paper 1 data/artifact dependency. Do not rewrite historical path identity during M6.5; handle only through explicit compatibility/portability work if a future rerun requires it.,historical_artifacts_modified=NO;eval_runner_modified=NO;latest_json_authoritative=NO;automatic_config_rewrite=NO
papers/paper2_conditional_generation_done_right/configs/paper2_cicmaldroid_fakeclass_seed44.yaml,configuration_dependency,review_dependency_no_automatic_migration,historical_paper1_root,reference,CONFIGURATION_ONLY,NONE,none,Configuration records a historical Paper 1 data/artifact dependency. Do not rewrite historical path identity during M6.5; handle only through explicit compatibility/portability work if a future rerun requires it.,historical_artifacts_modified=NO;eval_runner_modified=NO;latest_json_authoritative=NO;automatic_config_rewrite=NO
papers/paper2_conditional_generation_done_right/configs/paper2_cicmaldroid_fakeclass_smoke_seed42.yaml,configuration_dependency,review_dependency_no_automatic_migration,historical_paper1_root,reference,CONFIGURATION_ONLY,NONE,none,Configuration records a historical Paper 1 data/artifact dependency. Do not rewrite historical path identity during M6.5; handle only through explicit compatibility/portability work if a future rerun requires it.,historical_artifacts_modified=NO;eval_runner_modified=NO;latest_json_authoritative=NO;automatic_config_rewrite=NO
papers/paper4_selective_synth_policies/configs/paper4_cic_policy_class_repair_topk5000_b2000_s42.yaml,configuration_dependency,review_dependency_no_automatic_migration,historical_paper1_root;manifest_evidence,reference,CONFIGURATION_ONLY,NONE,none,Configuration records a historical Paper 1 data/artifact dependency. Do not rewrite historical path identity during M6.5; handle only through explicit compatibility/portability work if a future rerun requires it.,historical_artifacts_modified=NO;eval_runner_modified=NO;latest_json_authoritative=NO;automatic_config_rewrite=NO
papers/paper4_selective_synth_policies/configs/paper4_cic_policy_class_repair_topk5000_b2000_s43.yaml,configuration_dependency,review_dependency_no_automatic_migration,historical_paper1_root;manifest_evidence,reference,CONFIGURATION_ONLY,NONE,none,Configuration records a historical Paper 1 data/artifact dependency. Do not rewrite historical path identity during M6.5; handle only through explicit compatibility/portability work if a future rerun requires it.,historical_artifacts_modified=NO;eval_runner_modified=NO;latest_json_authoritative=NO;automatic_config_rewrite=NO
papers/paper4_selective_synth_policies/configs/paper4_cic_policy_class_repair_topk5000_b2000_s44.yaml,configuration_dependency,review_dependency_no_automatic_migration,historical_paper1_root;manifest_evidence,reference,CONFIGURATION_ONLY,NONE,none,Configuration records a historical Paper 1 data/artifact dependency. Do not rewrite historical path identity during M6.5; handle only through explicit compatibility/portability work if a future rerun requires it.,historical_artifacts_modified=NO;eval_runner_modified=NO;latest_json_authoritative=NO;automatic_config_rewrite=NO
papers/paper4_selective_synth_policies/configs/paper4_cic_policy_confidence_ranked_topk1000_b2000_s42.yaml,configuration_dependency,review_dependency_no_automatic_migration,historical_paper1_root;manifest_evidence,reference,CONFIGURATION_ONLY,NONE,none,Configuration records a historical Paper 1 data/artifact dependency. Do not rewrite historical path identity during M6.5; handle only through explicit compatibility/portability work if a future rerun requires it.,historical_artifacts_modified=NO;eval_runner_modified=NO;latest_json_authoritative=NO;automatic_config_rewrite=NO
papers/paper4_selective_synth_policies/configs/paper4_cic_policy_confidence_ranked_topk1000_b2000_s43.yaml,configuration_dependency,review_dependency_no_automatic_migration,historical_paper1_root;manifest_evidence,reference,CONFIGURATION_ONLY,NONE,none,Configuration records a historical Paper 1 data/artifact dependency. Do not rewrite historical path identity during M6.5; handle only through explicit compatibility/portability work if a future rerun requires it.,historical_artifacts_modified=NO;eval_runner_modified=NO;latest_json_authoritative=NO;automatic_config_rewrite=NO
papers/paper4_selective_synth_policies/configs/paper4_cic_policy_confidence_ranked_topk1000_b2000_s44.yaml,configuration_dependency,review_dependency_no_automatic_migration,historical_paper1_root;manifest_evidence,reference,CONFIGURATION_ONLY,NONE,none,Configuration records a historical Paper 1 data/artifact dependency. Do not rewrite historical path identity during M6.5; handle only through explicit compatibility/portability work if a future rerun requires it.,historical_artifacts_modified=NO;eval_runner_modified=NO;latest_json_authoritative=NO;automatic_config_rewrite=NO
papers/paper4_selective_synth_policies/configs/paper4_cic_policy_keep_all_b2000_s42.yaml,configuration_dependency,review_dependency_no_automatic_migration,historical_paper1_root;manifest_evidence,reference,CONFIGURATION_ONLY,NONE,none,Configuration records a historical Paper 1 data/artifact dependency. Do not rewrite historical path identity during M6.5; handle only through explicit compatibility/portability work if a future rerun requires it.,historical_artifacts_modified=NO;eval_runner_modified=NO;latest_json_authoritative=NO;automatic_config_rewrite=NO
papers/paper4_selective_synth_policies/configs/paper4_cic_policy_keep_all_b2000_s43.yaml,configuration_dependency,review_dependency_no_automatic_migration,historical_paper1_root;manifest_evidence,reference,CONFIGURATION_ONLY,NONE,none,Configuration records a historical Paper 1 data/artifact dependency. Do not rewrite historical path identity during M6.5; handle only through explicit compatibility/portability work if a future rerun requires it.,historical_artifacts_modified=NO;eval_runner_modified=NO;latest_json_authoritative=NO;automatic_config_rewrite=NO
papers/paper4_selective_synth_policies/configs/paper4_cic_policy_keep_all_b2000_s44.yaml,configuration_dependency,review_dependency_no_automatic_migration,historical_paper1_root;manifest_evidence,reference,CONFIGURATION_ONLY,NONE,none,Configuration records a historical Paper 1 data/artifact dependency. Do not rewrite historical path identity during M6.5; handle only through explicit compatibility/portability work if a future rerun requires it.,historical_artifacts_modified=NO;eval_runner_modified=NO;latest_json_authoritative=NO;automatic_config_rewrite=NO
papers/paper4_selective_synth_policies/configs/paper4_cic_realonly_balanced_s42.yaml,configuration_dependency,review_dependency_no_automatic_migration,historical_paper1_root,reference,CONFIGURATION_ONLY,NONE,none,Configuration records a historical Paper 1 data/artifact dependency. Do not rewrite historical path identity during M6.5; handle only through explicit compatibility/portability work if a future rerun requires it.,historical_artifacts_modified=NO;eval_runner_modified=NO;latest_json_authoritative=NO;automatic_config_rewrite=NO
papers/paper4_selective_synth_policies/configs/paper4_cic_realonly_balanced_s43.yaml,configuration_dependency,review_dependency_no_automatic_migration,historical_paper1_root,reference,CONFIGURATION_ONLY,NONE,none,Configuration records a historical Paper 1 data/artifact dependency. Do not rewrite historical path identity during M6.5; handle only through explicit compatibility/portability work if a future rerun requires it.,historical_artifacts_modified=NO;eval_runner_modified=NO;latest_json_authoritative=NO;automatic_config_rewrite=NO
papers/paper4_selective_synth_policies/configs/paper4_cic_realonly_balanced_s44.yaml,configuration_dependency,review_dependency_no_automatic_migration,historical_paper1_root,reference,CONFIGURATION_ONLY,NONE,none,Configuration records a historical Paper 1 data/artifact dependency. Do not rewrite historical path identity during M6.5; handle only through explicit compatibility/portability work if a future rerun requires it.,historical_artifacts_modified=NO;eval_runner_modified=NO;latest_json_authoritative=NO;automatic_config_rewrite=NO
scripts/backfill_kid_and_downstream.py,historical_evidence_mutator_or_producer,review_before_any_migration,latest_alias;manifest_evidence;timestamped_summary,read;reference;write,PRESERVE_HISTORICAL,NONE,none,Historical producer/mutator or execution component. Rewriting it could change historical reproducibility or evidence semantics; preserve it.,historical_artifacts_modified=NO;eval_runner_modified=NO;latest_json_authoritative=NO;historical_behavior_preserved=YES
scripts/backfill_ms_ssim_per_class.py,historical_evidence_mutator_or_producer,review_before_any_migration,manifest_evidence;timestamped_summary,read;reference;write,PRESERVE_HISTORICAL,NONE,none,Historical producer/mutator or execution component. Rewriting it could change historical reproducibility or evidence semantics; preserve it.,historical_artifacts_modified=NO;eval_runner_modified=NO;latest_json_authoritative=NO;historical_behavior_preserved=YES
scripts/build_jsonl.sh,legacy_or_direct_consumer,candidate_for_future_canonical_migration,consolidated_jsonl;timestamped_summary,reference,WRAP_WITH_COMPATIBILITY_LAYER,P1,proposed:trustforge.paper01_exports,Builds or transforms legacy consolidated output. Preserve downstream format compatibility while sourcing authoritative rows from canonical Paper 1 linkage through a dedicated export adapter.,historical_artifacts_modified=NO;eval_runner_modified=NO;latest_json_authoritative=NO;legacy_output_contract_preserved=YES
scripts/eval_write_summary.py,historical_evidence_mutator_or_producer,review_before_any_migration,timestamped_summary,reference;write,PRESERVE_HISTORICAL,NONE,none,Historical producer/mutator or execution component. Rewriting it could change historical reproducibility or evidence semantics; preserve it.,historical_artifacts_modified=NO;eval_runner_modified=NO;latest_json_authoritative=NO;historical_behavior_preserved=YES
scripts/generate_paper01_execution_evidence_linkage.py,canonical_consumer,already_canonical,canonical_linkage_interface;latest_alias;manifest_evidence,reference;write,ALREADY_CANONICAL,NONE,none,Already consumes or implements the governed Paper 1 canonical execution/evidence linkage interface; no migration is required.,historical_artifacts_modified=NO;eval_runner_modified=NO;latest_json_authoritative=NO
scripts/inventory_paper01_execution_evidence.py,governance_auditor,preserve_governance_tool,authoritative_score_table;latest_alias;manifest_evidence,read;reference;write,GOVERNANCE_TOOL,NONE,none,TrustForge governance/audit tooling intentionally reads historical evidence surfaces to establish provenance; preserve its audit role.,historical_artifacts_modified=NO;eval_runner_modified=NO;latest_json_authoritative=NO
scripts/jsonl_to_csv.py,legacy_or_direct_consumer,candidate_for_future_canonical_migration,consolidated_jsonl,reference,USE_CANONICAL_DERIVED_EXPORT,P2,proposed:trustforge.paper01_exports,Consumes the consolidated JSONL contract rather than choosing historical authority itself. Keep the consumer contract stable and feed it from a canonical-derived export instead of migrating this file directly.,historical_artifacts_modified=NO;eval_runner_modified=NO;latest_json_authoritative=NO;legacy_output_contract_preserved=YES
scripts/metrics/aggregate.py,legacy_or_direct_consumer,candidate_for_future_canonical_migration,timestamped_summary,read,MIGRATE_TO_CANONICAL_INTERFACE,P1,trustforge.paper01_execution_evidence.load_paper01_linkage_study,"Directly reads legacy Paper 1 summaries/evidence for reporting, integrity, metrics, or dashboard behavior. Replace authority selection with the canonical linkage loader.",historical_artifacts_modified=NO;eval_runner_modified=NO;latest_json_authoritative=NO
scripts/metrics/local_fid_kid.py,historical_evidence_mutator_or_producer,review_before_any_migration,latest_alias;manifest_evidence;timestamped_summary,read;reference;write,PRESERVE_HISTORICAL,NONE,none,Historical producer/mutator or execution component. Rewriting it could change historical reproducibility or evidence semantics; preserve it.,historical_artifacts_modified=NO;eval_runner_modified=NO;latest_json_authoritative=NO;historical_behavior_preserved=YES
scripts/metrics/print_cfid_table.py,legacy_or_direct_consumer,candidate_for_future_canonical_migration,timestamped_summary,reference,MIGRATE_TO_CANONICAL_INTERFACE,P1,trustforge.paper01_execution_evidence.load_paper01_linkage_study,"Directly reads legacy Paper 1 summaries/evidence for reporting, integrity, metrics, or dashboard behavior. Replace authority selection with the canonical linkage loader.",historical_artifacts_modified=NO;eval_runner_modified=NO;latest_json_authoritative=NO
scripts/normalize_summaries.py,historical_evidence_mutator_or_producer,review_before_any_migration,timestamped_summary,read;reference;write,PRESERVE_HISTORICAL,NONE,none,Historical producer/mutator or execution component. Rewriting it could change historical reproducibility or evidence semantics; preserve it.,historical_artifacts_modified=NO;eval_runner_modified=NO;latest_json_authoritative=NO;historical_behavior_preserved=YES
scripts/phase1_html.py,historical_evidence_mutator_or_producer,review_before_any_migration,timestamped_summary,read;write,MIGRATE_TO_CANONICAL_INTERFACE,P1,trustforge.paper01_execution_evidence.load_paper01_linkage_study,"Directly reads legacy Paper 1 summaries/evidence for reporting, integrity, metrics, or dashboard behavior. Replace authority selection with the canonical linkage loader.",historical_artifacts_modified=NO;eval_runner_modified=NO;latest_json_authoritative=NO
scripts/phase1_report.py,historical_evidence_mutator_or_producer,review_before_any_migration,timestamped_summary,read;write,MIGRATE_TO_CANONICAL_INTERFACE,P1,trustforge.paper01_execution_evidence.load_paper01_linkage_study,"Directly reads legacy Paper 1 summaries/evidence for reporting, integrity, metrics, or dashboard behavior. Replace authority selection with the canonical linkage loader.",historical_artifacts_modified=NO;eval_runner_modified=NO;latest_json_authoritative=NO
scripts/plots/_common.py,legacy_or_direct_consumer,candidate_for_future_canonical_migration,consolidated_jsonl,reference,USE_CANONICAL_DERIVED_EXPORT,P2,proposed:trustforge.paper01_exports,Consumes the consolidated JSONL contract rather than choosing historical authority itself. Keep the consumer contract stable and feed it from a canonical-derived export instead of migrating this file directly.,historical_artifacts_modified=NO;eval_runner_modified=NO;latest_json_authoritative=NO;legacy_output_contract_preserved=YES
scripts/plots/core/calibration_curves.py,legacy_or_direct_consumer,candidate_for_future_canonical_migration,consolidated_jsonl,reference,USE_CANONICAL_DERIVED_EXPORT,P2,proposed:trustforge.paper01_exports,Consumes the consolidated JSONL contract rather than choosing historical authority itself. Keep the consumer contract stable and feed it from a canonical-derived export instead of migrating this file directly.,historical_artifacts_modified=NO;eval_runner_modified=NO;latest_json_authoritative=NO;legacy_output_contract_preserved=YES
scripts/plots/core/pareto_downstream_vs_similarity.py,legacy_or_direct_consumer,candidate_for_future_canonical_migration,consolidated_jsonl,reference,USE_CANONICAL_DERIVED_EXPORT,P2,proposed:trustforge.paper01_exports,Consumes the consolidated JSONL contract rather than choosing historical authority itself. Keep the consumer contract stable and feed it from a canonical-derived export instead of migrating this file directly.,historical_artifacts_modified=NO;eval_runner_modified=NO;latest_json_authoritative=NO;legacy_output_contract_preserved=YES
scripts/plots/core/per_class_delta_f1.py,legacy_or_direct_consumer,candidate_for_future_canonical_migration,consolidated_jsonl,reference,USE_CANONICAL_DERIVED_EXPORT,P2,proposed:trustforge.paper01_exports,Consumes the consolidated JSONL contract rather than choosing historical authority itself. Keep the consumer contract stable and feed it from a canonical-derived export instead of migrating this file directly.,historical_artifacts_modified=NO;eval_runner_modified=NO;latest_json_authoritative=NO;legacy_output_contract_preserved=YES
scripts/plots/diversity/ms_ssim_hist.py,legacy_or_direct_consumer,candidate_for_future_canonical_migration,consolidated_jsonl,reference,USE_CANONICAL_DERIVED_EXPORT,P2,proposed:trustforge.paper01_exports,Consumes the consolidated JSONL contract rather than choosing historical authority itself. Keep the consumer contract stable and feed it from a canonical-derived export instead of migrating this file directly.,historical_artifacts_modified=NO;eval_runner_modified=NO;latest_json_authoritative=NO;legacy_output_contract_preserved=YES
scripts/plots/diversity/nn_distance_distrib.py,legacy_or_direct_consumer,candidate_for_future_canonical_migration,consolidated_jsonl,reference,USE_CANONICAL_DERIVED_EXPORT,P2,proposed:trustforge.paper01_exports,Consumes the consolidated JSONL contract rather than choosing historical authority itself. Keep the consumer contract stable and feed it from a canonical-derived export instead of migrating this file directly.,historical_artifacts_modified=NO;eval_runner_modified=NO;latest_json_authoritative=NO;legacy_output_contract_preserved=YES
scripts/plots/hparams/ablation_bars.py,legacy_or_direct_consumer,candidate_for_future_canonical_migration,consolidated_jsonl,reference,USE_CANONICAL_DERIVED_EXPORT,P2,proposed:trustforge.paper01_exports,Consumes the consolidated JSONL contract rather than choosing historical authority itself. Keep the consumer contract stable and feed it from a canonical-derived export instead of migrating this file directly.,historical_artifacts_modified=NO;eval_runner_modified=NO;latest_json_authoritative=NO;legacy_output_contract_preserved=YES
scripts/plots/hparams/parallel_coords.py,legacy_or_direct_consumer,candidate_for_future_canonical_migration,consolidated_jsonl,reference,USE_CANONICAL_DERIVED_EXPORT,P2,proposed:trustforge.paper01_exports,Consumes the consolidated JSONL contract rather than choosing historical authority itself. Keep the consumer contract stable and feed it from a canonical-derived export instead of migrating this file directly.,historical_artifacts_modified=NO;eval_runner_modified=NO;latest_json_authoritative=NO;legacy_output_contract_preserved=YES
scripts/plots/imbalance/class_counts_before_after.py,legacy_or_direct_consumer,candidate_for_future_canonical_migration,consolidated_jsonl,reference,USE_CANONICAL_DERIVED_EXPORT,P2,proposed:trustforge.paper01_exports,Consumes the consolidated JSONL contract rather than choosing historical authority itself. Keep the consumer contract stable and feed it from a canonical-derived export instead of migrating this file directly.,historical_artifacts_modified=NO;eval_runner_modified=NO;latest_json_authoritative=NO;legacy_output_contract_preserved=YES
scripts/plots/imbalance/simple_stats_sanity.py,legacy_or_direct_consumer,candidate_for_future_canonical_migration,consolidated_jsonl;manifest_evidence,read;reference,USE_CANONICAL_DERIVED_EXPORT,P2,proposed:trustforge.paper01_exports,Consumes the consolidated JSONL contract rather than choosing historical authority itself. Keep the consumer contract stable and feed it from a canonical-derived export instead of migrating this file directly.,historical_artifacts_modified=NO;eval_runner_modified=NO;latest_json_authoritative=NO;legacy_output_contract_preserved=YES
scripts/plots/qual/class_triptychs.py,legacy_or_direct_consumer,candidate_for_future_canonical_migration,consolidated_jsonl;manifest_evidence,reference,USE_CANONICAL_DERIVED_EXPORT,P2,proposed:trustforge.paper01_exports,Consumes the consolidated JSONL contract rather than choosing historical authority itself. Keep the consumer contract stable and feed it from a canonical-derived export instead of migrating this file directly.,historical_artifacts_modified=NO;eval_runner_modified=NO;latest_json_authoritative=NO;legacy_output_contract_preserved=YES
scripts/summaries_to_jsonl.py,historical_evidence_mutator_or_producer,review_before_any_migration,consolidated_jsonl;latest_alias;timestamped_summary,reference;write,WRAP_WITH_COMPATIBILITY_LAYER,P1,proposed:trustforge.paper01_exports,Builds or transforms legacy consolidated output. Preserve downstream format compatibility while sourcing authoritative rows from canonical Paper 1 linkage through a dedicated export adapter.,historical_artifacts_modified=NO;eval_runner_modified=NO;latest_json_authoritative=NO;legacy_output_contract_preserved=YES
scripts/trustforge_doctor.py,canonical_consumer,already_canonical,canonical_linkage_interface,reference,ALREADY_CANONICAL,NONE,none,Already consumes or implements the governed Paper 1 canonical execution/evidence linkage interface; no migration is required.,historical_artifacts_modified=NO;eval_runner_modified=NO;latest_json_authoritative=NO
scripts/tuning_dashboard.py,legacy_or_direct_consumer,candidate_for_future_canonical_migration,manifest_evidence;timestamped_summary,read;reference,MIGRATE_TO_CANONICAL_INTERFACE,P1,trustforge.paper01_execution_evidence.load_paper01_linkage_study,"Directly reads legacy Paper 1 summaries/evidence for reporting, integrity, metrics, or dashboard behavior. Replace authority selection with the canonical linkage loader.",historical_artifacts_modified=NO;eval_runner_modified=NO;latest_json_authoritative=NO
scripts/utils/backfill_counts.py,historical_evidence_mutator_or_producer,review_before_any_migration,consolidated_jsonl;manifest_evidence,reference;write,WRAP_WITH_COMPATIBILITY_LAYER,P1,proposed:trustforge.paper01_exports,Builds or transforms legacy consolidated output. Preserve downstream format compatibility while sourcing authoritative rows from canonical Paper 1 linkage through a dedicated export adapter.,historical_artifacts_modified=NO;eval_runner_modified=NO;latest_json_authoritative=NO;legacy_output_contract_preserved=YES
src/trustforge/paper01_execution_evidence.py,canonical_consumer,already_canonical,canonical_linkage_interface;latest_alias,reference,ALREADY_CANONICAL,NONE,none,Already consumes or implements the governed Paper 1 canonical execution/evidence linkage interface; no migration is required.,historical_artifacts_modified=NO;eval_runner_modified=NO;latest_json_authoritative=NO
tests/trustforge/test_paper01_execution_evidence.py,canonical_consumer,already_canonical,canonical_linkage_interface;latest_alias,reference;write,ALREADY_CANONICAL,NONE,none,Already consumes or implements the governed Paper 1 canonical execution/evidence linkage interface; no migration is required.,historical_artifacts_modified=NO;eval_runner_modified=NO;latest_json_authoritative=NO
tools/aggregate_phase1.py,historical_evidence_mutator_or_producer,review_before_any_migration,consolidated_jsonl;timestamped_summary,reference;write,WRAP_WITH_COMPATIBILITY_LAYER,P1,proposed:trustforge.paper01_exports,Builds or transforms legacy consolidated output. Preserve downstream format compatibility while sourcing authoritative rows from canonical Paper 1 linkage through a dedicated export adapter.,historical_artifacts_modified=NO;eval_runner_modified=NO;latest_json_authoritative=NO;legacy_output_contract_preserved=YES
tools/build_paper1_jsonl.py,historical_evidence_mutator_or_producer,review_before_any_migration,consolidated_jsonl,reference;write,WRAP_WITH_COMPATIBILITY_LAYER,P1,proposed:trustforge.paper01_exports,Builds or transforms legacy consolidated output. Preserve downstream format compatibility while sourcing authoritative rows from canonical Paper 1 linkage through a dedicated export adapter.,historical_artifacts_modified=NO;eval_runner_modified=NO;latest_json_authoritative=NO;legacy_output_contract_preserved=YES
tools/build_phase1_scores.py,historical_evidence_mutator_or_producer,review_before_any_migration,latest_alias,reference;write,MIGRATE_TO_CANONICAL_INTERFACE,P0,trustforge.paper01_execution_evidence.load_paper01_linkage_study,"Directly reads legacy Paper 1 summaries/evidence for reporting, integrity, metrics, or dashboard behavior. Replace authority selection with the canonical linkage loader. It references latest.json, so eliminating alias-based authority is P0.",historical_artifacts_modified=NO;eval_runner_modified=NO;latest_json_authoritative=NO
tools/check_phase1_integrity.py,legacy_or_direct_consumer,candidate_for_future_canonical_migration,latest_alias,reference,MIGRATE_TO_CANONICAL_INTERFACE,P0,trustforge.paper01_execution_evidence.load_paper01_linkage_study,"Directly reads legacy Paper 1 summaries/evidence for reporting, integrity, metrics, or dashboard behavior. Replace authority selection with the canonical linkage loader. It references latest.json, so eliminating alias-based authority is P0.",historical_artifacts_modified=NO;eval_runner_modified=NO;latest_json_authoritative=NO
tools/freeze_phase1_snapshots.py,historical_evidence_mutator_or_producer,review_before_any_migration,timestamped_summary,read;write,PRESERVE_HISTORICAL,NONE,none,Historical producer/mutator or execution component. Rewriting it could change historical reproducibility or evidence semantics; preserve it.,historical_artifacts_modified=NO;eval_runner_modified=NO;latest_json_authoritative=NO;historical_behavior_preserved=YES
